{
  "type": "FeatureCollection",
  "features": [
    {
      "type": "Feature",
      "geometry": {
        "type": "LineString",
        "coordinates": [
          [
            121.71775,
            38.5
          ],
          [
            121.7666556,
            38.6833222
          ]
        ]
      },
      "properties": {
        "section_id": 1,
        "section_name_zh": "一、黄海北部船舶定线制",
        "scheme_id": 1,
        "scheme_name_zh": "1）第 1 分道通航制 （1）分隔线第 1 分道通航制的分隔线为以下两点连线：",
        "scheme_name_en": "Traffic Separation Scheme No. 1",
        "feature_type": "tss_separation_line",
        "feature_name": "1）第 1 分道通航制 （1）分隔线第 1 分道通航制的分隔线为以下两点连线： - 分隔线",
        "description": "1）第 1 分道通航制 （1）分隔线第 1 分道通航制的分隔线为以下两点连线：",
        "color": "#9400D3",
        "section_name_en": "I. Ship’s Routeing System for the North of the Yellow Sea",
        "feature_type_en": "Separation Line",
        "feature_name_en": "Traffic Separation Scheme No. 1 - Separation Line"
      }
    },
    {
      "type": "Feature",
      "geometry": {
        "type": "LineString",
        "coordinates": [
          [
            121.7530083,
            38.5
          ],
          [
            121.7966917,
            38.6627528
          ]
        ]
      },
      "properties": {
        "section_id": 1,
        "section_name_zh": "一、黄海北部船舶定线制",
        "scheme_id": 1,
        "scheme_name_zh": "1）第 1 分道通航制 （1）分隔线第 1 分道通航制的分隔线为以下两点连线：",
        "scheme_name_en": "Traffic Separation Scheme No. 1",
        "feature_type": "tss_boundary",
        "boundary_type": "east",
        "feature_name": "1）第 1 分道通航制 （1）分隔线第 1 分道通航制的分隔线为以下两点连线： - East Boundary",
        "description": "（2）边界线第 1 分道通航制东边界线为以下两点连线：",
        "color": "#1E90FF",
        "section_name_en": "I. Ship’s Routeing System for the North of the Yellow Sea",
        "feature_type_en": "East Boundary Line",
        "feature_name_en": "Traffic Separation Scheme No. 1 - East Boundary Line"
      }
    },
    {
      "type": "Feature",
      "geometry": {
        "type": "LineString",
        "coordinates": [
          [
            121.6825861,
            38.5
          ],
          [
            121.7448361,
            38.7308361
          ]
        ]
      },
      "properties": {
        "section_id": 1,
        "section_name_zh": "一、黄海北部船舶定线制",
        "scheme_id": 1,
        "scheme_name_zh": "1）第 1 分道通航制 （1）分隔线第 1 分道通航制的分隔线为以下两点连线：",
        "scheme_name_en": "Traffic Separation Scheme No. 1",
        "feature_type": "tss_boundary",
        "boundary_type": "west",
        "feature_name": "1）第 1 分道通航制 （1）分隔线第 1 分道通航制的分隔线为以下两点连线： - West Boundary",
        "description": "第 1 分道通航制西边界线为以下两点连线：",
        "color": "#1E90FF",
        "section_name_en": "I. Ship’s Routeing System for the North of the Yellow Sea",
        "feature_type_en": "West Boundary Line",
        "feature_name_en": "Traffic Separation Scheme No. 1 - West Boundary Line"
      }
    },
    {
      "type": "Feature",
      "geometry": {
        "type": "LineString",
        "coordinates": [
          [
            121.8967639,
            38.5
          ],
          [
            121.8359111,
            38.6539667
          ]
        ]
      },
      "properties": {
        "section_id": 1,
        "section_name_zh": "一、黄海北部船舶定线制",
        "scheme_id": 2,
        "scheme_name_zh": "2）第 2 分道通航制 （1）分隔线第 2 分道通航制的分隔线为以下两点连线：",
        "scheme_name_en": "Traffic Separation Scheme No. 2",
        "feature_type": "tss_separation_line",
        "feature_name": "2）第 2 分道通航制 （1）分隔线第 2 分道通航制的分隔线为以下两点连线： - 分隔线",
        "description": "2）第 2 分道通航制 （1）分隔线第 2 分道通航制的分隔线为以下两点连线：",
        "color": "#9400D3",
        "section_name_en": "I. Ship’s Routeing System for the North of the Yellow Sea",
        "feature_type_en": "Separation Line",
        "feature_name_en": "Traffic Separation Scheme No. 2 - Separation Line"
      }
    },
    {
      "type": "Feature",
      "geometry": {
        "type": "LineString",
        "coordinates": [
          [
            121.9298056,
            38.5
          ],
          [
            121.8683722,
            38.6565389
          ]
        ]
      },
      "properties": {
        "section_id": 1,
        "section_name_zh": "一、黄海北部船舶定线制",
        "scheme_id": 2,
        "scheme_name_zh": "2）第 2 分道通航制 （1）分隔线第 2 分道通航制的分隔线为以下两点连线：",
        "scheme_name_en": "Traffic Separation Scheme No. 2",
        "feature_type": "tss_boundary",
        "boundary_type": "east",
        "feature_name": "2）第 2 分道通航制 （1）分隔线第 2 分道通航制的分隔线为以下两点连线： - East Boundary",
        "description": "（2）边界线第 2 分道通航制东边界线为以下两点连线：",
        "color": "#1E90FF",
        "section_name_en": "I. Ship’s Routeing System for the North of the Yellow Sea",
        "feature_type_en": "East Boundary Line",
        "feature_name_en": "Traffic Separation Scheme No. 2 - East Boundary Line"
      }
    },
    {
      "type": "Feature",
      "geometry": {
        "type": "LineString",
        "coordinates": [
          [
            121.8632972,
            38.5
          ],
          [
            121.79945,
            38.6616111
          ]
        ]
      },
      "properties": {
        "section_id": 1,
        "section_name_zh": "一、黄海北部船舶定线制",
        "scheme_id": 2,
        "scheme_name_zh": "2）第 2 分道通航制 （1）分隔线第 2 分道通航制的分隔线为以下两点连线：",
        "scheme_name_en": "Traffic Separation Scheme No. 2",
        "feature_type": "tss_boundary",
        "boundary_type": "west",
        "feature_name": "2）第 2 分道通航制 （1）分隔线第 2 分道通航制的分隔线为以下两点连线： - West Boundary",
        "description": "第 2 分道通航制西边界线为以下两点连线：",
        "color": "#1E90FF",
        "section_name_en": "I. Ship’s Routeing System for the North of the Yellow Sea",
        "feature_type_en": "West Boundary Line",
        "feature_name_en": "Traffic Separation Scheme No. 2 - West Boundary Line"
      }
    },
    {
      "type": "Feature",
      "geometry": {
        "type": "LineString",
        "coordinates": [
          [
            122.0603528,
            38.5
          ],
          [
            121.9166667,
            38.6805083
          ]
        ]
      },
      "properties": {
        "section_id": 1,
        "section_name_zh": "一、黄海北部船舶定线制",
        "scheme_id": 3,
        "scheme_name_zh": "3）第 3 分道通航制 （1）分隔线第 3 分道通航制的分隔线为以下两点连线：",
        "scheme_name_en": "Traffic Separation Scheme No. 3",
        "feature_type": "tss_separation_line",
        "feature_name": "3）第 3 分道通航制 （1）分隔线第 3 分道通航制的分隔线为以下两点连线： - 分隔线",
        "description": "3）第 3 分道通航制 （1）分隔线第 3 分道通航制的分隔线为以下两点连线：",
        "color": "#9400D3",
        "section_name_en": "I. Ship’s Routeing System for the North of the Yellow Sea",
        "feature_type_en": "Separation Line",
        "feature_name_en": "Traffic Separation Scheme No. 3 - Separation Line"
      }
    },
    {
      "type": "Feature",
      "geometry": {
        "type": "LineString",
        "coordinates": [
          [
            122.1363889,
            38.5
          ],
          [
            121.9372861,
            38.7117139
          ]
        ]
      },
      "properties": {
        "section_id": 1,
        "section_name_zh": "一、黄海北部船舶定线制",
        "scheme_id": 3,
        "scheme_name_zh": "3）第 3 分道通航制 （1）分隔线第 3 分道通航制的分隔线为以下两点连线：",
        "scheme_name_en": "Traffic Separation Scheme No. 3",
        "feature_type": "tss_boundary",
        "boundary_type": "east",
        "feature_name": "3）第 3 分道通航制 （1）分隔线第 3 分道通航制的分隔线为以下两点连线： - East Boundary",
        "description": "（2）边界线第 3 分道通航制东边界线为以下两点连线：",
        "color": "#1E90FF",
        "section_name_en": "I. Ship’s Routeing System for the North of the Yellow Sea",
        "feature_type_en": "East Boundary Line",
        "feature_name_en": "Traffic Separation Scheme No. 3 - East Boundary Line"
      }
    },
    {
      "type": "Feature",
      "geometry": {
        "type": "LineString",
        "coordinates": [
          [
            121.99,
            38.5
          ],
          [
            121.8831361,
            38.6607222
          ]
        ]
      },
      "properties": {
        "section_id": 1,
        "section_name_zh": "一、黄海北部船舶定线制",
        "scheme_id": 3,
        "scheme_name_zh": "3）第 3 分道通航制 （1）分隔线第 3 分道通航制的分隔线为以下两点连线：",
        "scheme_name_en": "Traffic Separation Scheme No. 3",
        "feature_type": "tss_boundary",
        "boundary_type": "west",
        "feature_name": "3）第 3 分道通航制 （1）分隔线第 3 分道通航制的分隔线为以下两点连线： - West Boundary",
        "description": "第 3 分道通航制西边界线为以下两点连线：",
        "color": "#1E90FF",
        "section_name_en": "I. Ship’s Routeing System for the North of the Yellow Sea",
        "feature_type_en": "West Boundary Line",
        "feature_name_en": "Traffic Separation Scheme No. 3 - West Boundary Line"
      }
    },
    {
      "type": "Feature",
      "geometry": {
        "type": "LineString",
        "coordinates": [
          [
            121.9401056,
            38.7342611
          ],
          [
            122.1666611,
            38.5833333
          ],
          [
            123.3596333,
            38.9173917
          ]
        ]
      },
      "properties": {
        "section_id": 1,
        "section_name_zh": "一、黄海北部船舶定线制",
        "scheme_id": 4,
        "scheme_name_zh": "4）第 4 分道通航制 （1）分隔线第 4 分道通航制的分隔线为以下三点连线：",
        "scheme_name_en": "Traffic Separation Scheme No. 4",
        "feature_type": "tss_separation_line",
        "feature_name": "4）第 4 分道通航制 （1）分隔线第 4 分道通航制的分隔线为以下三点连线： - 分隔线",
        "description": "4）第 4 分道通航制 （1）分隔线第 4 分道通航制的分隔线为以下三点连线：",
        "color": "#9400D3",
        "section_name_en": "I. Ship’s Routeing System for the North of the Yellow Sea",
        "feature_type_en": "Separation Line",
        "feature_name_en": "Traffic Separation Scheme No. 4 - Separation Line"
      }
    },
    {
      "type": "Feature",
      "geometry": {
        "type": "LineString",
        "coordinates": [
          [
            121.9250111,
            38.7714056
          ],
          [
            122.1733333,
            38.6118333
          ],
          [
            122.5014722,
            38.7036917
          ],
          [
            122.513,
            38.6981667
          ],
          [
            123.373775,
            38.9390222
          ]
        ]
      },
      "properties": {
        "section_id": 1,
        "section_name_zh": "一、黄海北部船舶定线制",
        "scheme_id": 4,
        "scheme_name_zh": "4）第 4 分道通航制 （1）分隔线第 4 分道通航制的分隔线为以下三点连线：",
        "scheme_name_en": "Traffic Separation Scheme No. 4",
        "feature_type": "tss_boundary",
        "boundary_type": "north",
        "feature_name": "4）第 4 分道通航制 （1）分隔线第 4 分道通航制的分隔线为以下三点连线： - North Boundary",
        "description": "（2）边界线第 4 分道通航制北边界线为以下五点连线：",
        "color": "#1E90FF",
        "section_name_en": "I. Ship’s Routeing System for the North of the Yellow Sea",
        "feature_type_en": "North Boundary Line",
        "feature_name_en": "Traffic Separation Scheme No. 4 - North Boundary Line"
      }
    },
    {
      "type": "Feature",
      "geometry": {
        "type": "LineString",
        "coordinates": [
          [
            121.9372861,
            38.7117139
          ],
          [
            121.9584667,
            38.6894806
          ],
          [
            122.16,
            38.5548333
          ],
          [
            122.5201444,
            38.6556361
          ],
          [
            122.5266972,
            38.6664556
          ],
          [
            123.3629667,
            38.9005222
          ]
        ]
      },
      "properties": {
        "section_id": 1,
        "section_name_zh": "一、黄海北部船舶定线制",
        "scheme_id": 4,
        "scheme_name_zh": "4）第 4 分道通航制 （1）分隔线第 4 分道通航制的分隔线为以下三点连线：",
        "scheme_name_en": "Traffic Separation Scheme No. 4",
        "feature_type": "tss_boundary",
        "boundary_type": "south",
        "feature_name": "4）第 4 分道通航制 （1）分隔线第 4 分道通航制的分隔线为以下三点连线： - South Boundary",
        "description": "第 4 分道通航制南边界线为以下六点连线：",
        "color": "#1E90FF",
        "section_name_en": "I. Ship’s Routeing System for the North of the Yellow Sea",
        "feature_type_en": "South Boundary Line",
        "feature_name_en": "Traffic Separation Scheme No. 4 - South Boundary Line"
      }
    },
    {
      "type": "Feature",
      "geometry": {
        "type": "LineString",
        "coordinates": [
          [
            123.0608333,
            38.5
          ],
          [
            123.3279694,
            38.8255611
          ],
          [
            123.3731667,
            38.8891306
          ]
        ]
      },
      "properties": {
        "section_id": 1,
        "section_name_zh": "一、黄海北部船舶定线制",
        "scheme_id": 5,
        "scheme_name_zh": "5）第 5 分道通航制 （1）分隔线第 5 分道通航制的分隔线为以下三点连线：",
        "scheme_name_en": "Traffic Separation Scheme No. 5",
        "feature_type": "tss_separation_line",
        "feature_name": "5）第 5 分道通航制 （1）分隔线第 5 分道通航制的分隔线为以下三点连线： - 分隔线",
        "description": "5）第 5 分道通航制 （1）分隔线第 5 分道通航制的分隔线为以下三点连线：",
        "color": "#9400D3",
        "section_name_en": "I. Ship’s Routeing System for the North of the Yellow Sea",
        "feature_type_en": "Separation Line",
        "feature_name_en": "Traffic Separation Scheme No. 5 - Separation Line"
      }
    },
    {
      "type": "Feature",
      "geometry": {
        "type": "LineString",
        "coordinates": [
          [
            123.0860222,
            38.5
          ],
          [
            123.3466389,
            38.8175194
          ],
          [
            123.3855,
            38.8826667
          ]
        ]
      },
      "properties": {
        "section_id": 1,
        "section_name_zh": "一、黄海北部船舶定线制",
        "scheme_id": 5,
        "scheme_name_zh": "5）第 5 分道通航制 （1）分隔线第 5 分道通航制的分隔线为以下三点连线：",
        "scheme_name_en": "Traffic Separation Scheme No. 5",
        "feature_type": "tss_boundary",
        "boundary_type": "east",
        "feature_name": "5）第 5 分道通航制 （1）分隔线第 5 分道通航制的分隔线为以下三点连线： - East Boundary",
        "description": "（2）边界线第 5 分道通航制东边界线为以下三点连线：",
        "color": "#1E90FF",
        "section_name_en": "I. Ship’s Routeing System for the North of the Yellow Sea",
        "feature_type_en": "East Boundary Line",
        "feature_name_en": "Traffic Separation Scheme No. 5 - East Boundary Line"
      }
    },
    {
      "type": "Feature",
      "geometry": {
        "type": "LineString",
        "coordinates": [
          [
            123.0355889,
            38.5
          ],
          [
            123.3634667,
            38.8996306
          ]
        ]
      },
      "properties": {
        "section_id": 1,
        "section_name_zh": "一、黄海北部船舶定线制",
        "scheme_id": 5,
        "scheme_name_zh": "5）第 5 分道通航制 （1）分隔线第 5 分道通航制的分隔线为以下三点连线：",
        "scheme_name_en": "Traffic Separation Scheme No. 5",
        "feature_type": "tss_boundary",
        "boundary_type": "west",
        "feature_name": "5）第 5 分道通航制 （1）分隔线第 5 分道通航制的分隔线为以下三点连线： - West Boundary",
        "description": "第 5 分道通航制西边界线为以下两点连线：",
        "color": "#1E90FF",
        "section_name_en": "I. Ship’s Routeing System for the North of the Yellow Sea",
        "feature_type_en": "West Boundary Line",
        "feature_name_en": "Traffic Separation Scheme No. 5 - West Boundary Line"
      }
    },
    {
      "type": "Feature",
      "geometry": {
        "type": "LineString",
        "coordinates": [
          [
            123.2786111,
            38.5
          ],
          [
            123.3777028,
            38.8113056
          ],
          [
            123.4091972,
            38.8802833
          ]
        ]
      },
      "properties": {
        "section_id": 1,
        "section_name_zh": "一、黄海北部船舶定线制",
        "scheme_id": 6,
        "scheme_name_zh": "6）第 6 分道通航制 （1）分隔线第 6 分道通航制的分隔线为以下三点连线：",
        "scheme_name_en": "Traffic Separation Scheme No. 6",
        "feature_type": "tss_separation_line",
        "feature_name": "6）第 6 分道通航制 （1）分隔线第 6 分道通航制的分隔线为以下三点连线： - 分隔线",
        "description": "6）第 6 分道通航制 （1）分隔线第 6 分道通航制的分隔线为以下三点连线：",
        "color": "#9400D3",
        "section_name_en": "I. Ship’s Routeing System for the North of the Yellow Sea",
        "feature_type_en": "Separation Line",
        "feature_name_en": "Traffic Separation Scheme No. 6 - Separation Line"
      }
    },
    {
      "type": "Feature",
      "geometry": {
        "type": "LineString",
        "coordinates": [
          [
            123.3103333,
            38.5
          ],
          [
            123.4367,
            38.8926111
          ]
        ]
      },
      "properties": {
        "section_id": 1,
        "section_name_zh": "一、黄海北部船舶定线制",
        "scheme_id": 6,
        "scheme_name_zh": "6）第 6 分道通航制 （1）分隔线第 6 分道通航制的分隔线为以下三点连线：",
        "scheme_name_en": "Traffic Separation Scheme No. 6",
        "feature_type": "tss_boundary",
        "boundary_type": "east",
        "feature_name": "6）第 6 分道通航制 （1）分隔线第 6 分道通航制的分隔线为以下三点连线： - East Boundary",
        "description": "（2）边界线第 6 分道通航制东边界线为以下两点连线：",
        "color": "#1E90FF",
        "section_name_en": "I. Ship’s Routeing System for the North of the Yellow Sea",
        "feature_type_en": "East Boundary Line",
        "feature_name_en": "Traffic Separation Scheme No. 6 - East Boundary Line"
      }
    },
    {
      "type": "Feature",
      "geometry": {
        "type": "LineString",
        "coordinates": [
          [
            123.2473333,
            38.5
          ],
          [
            123.3466389,
            38.8175194
          ],
          [
            123.3855,
            38.8826667
          ]
        ]
      },
      "properties": {
        "section_id": 1,
        "section_name_zh": "一、黄海北部船舶定线制",
        "scheme_id": 6,
        "scheme_name_zh": "6）第 6 分道通航制 （1）分隔线第 6 分道通航制的分隔线为以下三点连线：",
        "scheme_name_en": "Traffic Separation Scheme No. 6",
        "feature_type": "tss_boundary",
        "boundary_type": "west",
        "feature_name": "6）第 6 分道通航制 （1）分隔线第 6 分道通航制的分隔线为以下三点连线： - West Boundary",
        "description": "第 6 分道通航制西边界线为以下三点连线：",
        "color": "#1E90FF",
        "section_name_en": "I. Ship’s Routeing System for the North of the Yellow Sea",
        "feature_type_en": "West Boundary Line",
        "feature_name_en": "Traffic Separation Scheme No. 6 - West Boundary Line"
      }
    },
    {
      "type": "Feature",
      "geometry": {
        "type": "LineString",
        "coordinates": [
          [
            123.4251722,
            38.9429417
          ],
          [
            123.7888111,
            39.3436667
          ]
        ]
      },
      "properties": {
        "section_id": 1,
        "section_name_zh": "一、黄海北部船舶定线制",
        "scheme_id": 7,
        "scheme_name_zh": "7）第 7 分道通航制 （1）分隔线第 7 分道通航制的分隔线为以下两点连线：",
        "scheme_name_en": "Traffic Separation Scheme No. 7",
        "feature_type": "tss_separation_line",
        "feature_name": "7）第 7 分道通航制 （1）分隔线第 7 分道通航制的分隔线为以下两点连线： - 分隔线",
        "description": "7）第 7 分道通航制 （1）分隔线第 7 分道通航制的分隔线为以下两点连线：",
        "color": "#9400D3",
        "section_name_en": "I. Ship’s Routeing System for the North of the Yellow Sea",
        "feature_type_en": "Separation Line",
        "feature_name_en": "Traffic Separation Scheme No. 7 - Separation Line"
      }
    },
    {
      "type": "Feature",
      "geometry": {
        "type": "LineString",
        "coordinates": [
          [
            123.4451833,
            38.9214333
          ],
          [
            123.8151667,
            39.3291667
          ]
        ]
      },
      "properties": {
        "section_id": 1,
        "section_name_zh": "一、黄海北部船舶定线制",
        "scheme_id": 7,
        "scheme_name_zh": "7）第 7 分道通航制 （1）分隔线第 7 分道通航制的分隔线为以下两点连线：",
        "scheme_name_en": "Traffic Separation Scheme No. 7",
        "feature_type": "tss_boundary",
        "boundary_type": "east",
        "feature_name": "7）第 7 分道通航制 （1）分隔线第 7 分道通航制的分隔线为以下两点连线： - East Boundary",
        "description": "（2）边界线第 7 分道通航制东边界线为以下两点连线：",
        "color": "#1E90FF",
        "section_name_en": "I. Ship’s Routeing System for the North of the Yellow Sea",
        "feature_type_en": "East Boundary Line",
        "feature_name_en": "Traffic Separation Scheme No. 7 - East Boundary Line"
      }
    },
    {
      "type": "Feature",
      "geometry": {
        "type": "LineString",
        "coordinates": [
          [
            123.3888278,
            38.945925
          ],
          [
            123.7623333,
            39.358
          ]
        ]
      },
      "properties": {
        "section_id": 1,
        "section_name_zh": "一、黄海北部船舶定线制",
        "scheme_id": 7,
        "scheme_name_zh": "7）第 7 分道通航制 （1）分隔线第 7 分道通航制的分隔线为以下两点连线：",
        "scheme_name_en": "Traffic Separation Scheme No. 7",
        "feature_type": "tss_boundary",
        "boundary_type": "west",
        "feature_name": "7）第 7 分道通航制 （1）分隔线第 7 分道通航制的分隔线为以下两点连线： - West Boundary",
        "description": "第 7 分道通航制西边界线为以下两点连线：",
        "color": "#1E90FF",
        "section_name_en": "I. Ship’s Routeing System for the North of the Yellow Sea",
        "feature_type_en": "West Boundary Line",
        "feature_name_en": "Traffic Separation Scheme No. 7 - West Boundary Line"
      }
    },
    {
      "type": "Feature",
      "geometry": {
        "type": "LineString",
        "coordinates": [
          [
            123.7793306,
            39.5160556
          ],
          [
            123.73095,
            39.5160694
          ],
          [
            123.5397083,
            39.4255056
          ]
        ]
      },
      "properties": {
        "section_id": 1,
        "section_name_zh": "一、黄海北部船舶定线制",
        "scheme_id": 8,
        "scheme_name_zh": "8）第 8 分道通航制 （1）分隔线第 8 分道通航制的分隔线为以下三点连线：",
        "scheme_name_en": "Traffic Separation Scheme No. 8",
        "feature_type": "tss_separation_line",
        "feature_name": "8）第 8 分道通航制 （1）分隔线第 8 分道通航制的分隔线为以下三点连线： - 分隔线",
        "description": "8）第 8 分道通航制 （1）分隔线第 8 分道通航制的分隔线为以下三点连线：",
        "color": "#9400D3",
        "section_name_en": "I. Ship’s Routeing System for the North of the Yellow Sea",
        "feature_type_en": "Separation Line",
        "feature_name_en": "Traffic Separation Scheme No. 8 - Separation Line"
      }
    },
    {
      "type": "Feature",
      "geometry": {
        "type": "LineString",
        "coordinates": [
          [
            123.7793667,
            39.5336333
          ],
          [
            123.7371667,
            39.5336333
          ],
          [
            123.5313,
            39.4361167
          ]
        ]
      },
      "properties": {
        "section_id": 1,
        "section_name_zh": "一、黄海北部船舶定线制",
        "scheme_id": 8,
        "scheme_name_zh": "8）第 8 分道通航制 （1）分隔线第 8 分道通航制的分隔线为以下三点连线：",
        "scheme_name_en": "Traffic Separation Scheme No. 8",
        "feature_type": "tss_boundary",
        "boundary_type": "north",
        "feature_name": "8）第 8 分道通航制 （1）分隔线第 8 分道通航制的分隔线为以下三点连线： - North Boundary",
        "description": "（2）边界线第 8 分道通航制北边界线为以下三点连线：",
        "color": "#1E90FF",
        "section_name_en": "I. Ship’s Routeing System for the North of the Yellow Sea",
        "feature_type_en": "North Boundary Line",
        "feature_name_en": "Traffic Separation Scheme No. 8 - North Boundary Line"
      }
    },
    {
      "type": "Feature",
      "geometry": {
        "type": "LineString",
        "coordinates": [
          [
            123.7793,
            39.4984667
          ],
          [
            123.7247167,
            39.4984167
          ],
          [
            123.5482,
            39.4148167
          ]
        ]
      },
      "properties": {
        "section_id": 1,
        "section_name_zh": "一、黄海北部船舶定线制",
        "scheme_id": 8,
        "scheme_name_zh": "8）第 8 分道通航制 （1）分隔线第 8 分道通航制的分隔线为以下三点连线：",
        "scheme_name_en": "Traffic Separation Scheme No. 8",
        "feature_type": "tss_boundary",
        "boundary_type": "south",
        "feature_name": "8）第 8 分道通航制 （1）分隔线第 8 分道通航制的分隔线为以下三点连线： - South Boundary",
        "description": "第 8 分道通航制南边界线为以下三点连线：",
        "color": "#1E90FF",
        "section_name_en": "I. Ship’s Routeing System for the North of the Yellow Sea",
        "feature_type_en": "South Boundary Line",
        "feature_name_en": "Traffic Separation Scheme No. 8 - South Boundary Line"
      }
    },
    {
      "type": "Feature",
      "geometry": {
        "type": "LineString",
        "coordinates": [
          [
            123.483875,
            39.381875
          ],
          [
            123.2125,
            39.2533333
          ],
          [
            122.8876361,
            39.1674083
          ]
        ]
      },
      "properties": {
        "section_id": 1,
        "section_name_zh": "一、黄海北部船舶定线制",
        "scheme_id": 9,
        "scheme_name_zh": "9）第 9 分道通航制 （1）分隔线第 9 分道通航制的分隔线为以下三点连线：",
        "scheme_name_en": "Traffic Separation Scheme No. 9",
        "feature_type": "tss_separation_line",
        "feature_name": "9）第 9 分道通航制 （1）分隔线第 9 分道通航制的分隔线为以下三点连线： - 分隔线",
        "description": "9）第 9 分道通航制 （1）分隔线第 9 分道通航制的分隔线为以下三点连线：",
        "color": "#9400D3",
        "section_name_en": "I. Ship’s Routeing System for the North of the Yellow Sea",
        "feature_type_en": "Separation Line",
        "feature_name_en": "Traffic Separation Scheme No. 9 - Separation Line"
      }
    },
    {
      "type": "Feature",
      "geometry": {
        "type": "LineString",
        "coordinates": [
          [
            123.4677194,
            39.403525
          ],
          [
            123.2731778,
            39.3105528
          ],
          [
            123.2694972,
            39.2989167
          ],
          [
            123.2035,
            39.2685
          ],
          [
            122.88085,
            39.1834528
          ]
        ]
      },
      "properties": {
        "section_id": 1,
        "section_name_zh": "一、黄海北部船舶定线制",
        "scheme_id": 9,
        "scheme_name_zh": "9）第 9 分道通航制 （1）分隔线第 9 分道通航制的分隔线为以下三点连线：",
        "scheme_name_en": "Traffic Separation Scheme No. 9",
        "feature_type": "tss_boundary",
        "boundary_type": "north",
        "feature_name": "9）第 9 分道通航制 （1）分隔线第 9 分道通航制的分隔线为以下三点连线： - North Boundary",
        "description": "（2）边界线第 9 分道通航制北边界线为以下五点连线：",
        "color": "#1E90FF",
        "section_name_en": "I. Ship’s Routeing System for the North of the Yellow Sea",
        "feature_type_en": "North Boundary Line",
        "feature_name_en": "Traffic Separation Scheme No. 9 - North Boundary Line"
      }
    },
    {
      "type": "Feature",
      "geometry": {
        "type": "LineString",
        "coordinates": [
          [
            123.5,
            39.3602
          ],
          [
            123.3062833,
            39.2675028
          ],
          [
            123.2915306,
            39.2703972
          ],
          [
            123.2215,
            39.2381667
          ],
          [
            122.8944556,
            39.1518139
          ]
        ]
      },
      "properties": {
        "section_id": 1,
        "section_name_zh": "一、黄海北部船舶定线制",
        "scheme_id": 9,
        "scheme_name_zh": "9）第 9 分道通航制 （1）分隔线第 9 分道通航制的分隔线为以下三点连线：",
        "scheme_name_en": "Traffic Separation Scheme No. 9",
        "feature_type": "tss_boundary",
        "boundary_type": "south",
        "feature_name": "9）第 9 分道通航制 （1）分隔线第 9 分道通航制的分隔线为以下三点连线： - South Boundary",
        "description": "第 9 分道通航制南边界线为以下五点连线：",
        "color": "#1E90FF",
        "section_name_en": "I. Ship’s Routeing System for the North of the Yellow Sea",
        "feature_type_en": "South Boundary Line",
        "feature_name_en": "Traffic Separation Scheme No. 9 - South Boundary Line"
      }
    },
    {
      "type": "Feature",
      "geometry": {
        "type": "LineString",
        "coordinates": [
          [
            122.7862917,
            39.1406333
          ],
          [
            122.7536667,
            39.1320028
          ],
          [
            122.7107722,
            39.1151472
          ]
        ]
      },
      "properties": {
        "section_id": 1,
        "section_name_zh": "一、黄海北部船舶定线制",
        "scheme_id": 10,
        "scheme_name_zh": "10）第 10 分道通航制 （1）分隔线第 10 分道通航制的分隔线为以下三点连线：",
        "scheme_name_en": "Traffic Separation Scheme No. 10",
        "feature_type": "tss_separation_line",
        "feature_name": "10）第 10 分道通航制 （1）分隔线第 10 分道通航制的分隔线为以下三点连线： - 分隔线",
        "description": "10）第 10 分道通航制 （1）分隔线第 10 分道通航制的分隔线为以下三点连线：",
        "color": "#9400D3",
        "section_name_en": "I. Ship’s Routeing System for the North of the Yellow Sea",
        "feature_type_en": "Separation Line",
        "feature_name_en": "Traffic Separation Scheme No. 10 - Separation Line"
      }
    },
    {
      "type": "Feature",
      "geometry": {
        "type": "LineString",
        "coordinates": [
          [
            122.7795,
            39.1563333
          ],
          [
            122.7453333,
            39.1473333
          ],
          [
            122.7005,
            39.1296667
          ]
        ]
      },
      "properties": {
        "section_id": 1,
        "section_name_zh": "一、黄海北部船舶定线制",
        "scheme_id": 10,
        "scheme_name_zh": "10）第 10 分道通航制 （1）分隔线第 10 分道通航制的分隔线为以下三点连线：",
        "scheme_name_en": "Traffic Separation Scheme No. 10",
        "feature_type": "tss_boundary",
        "boundary_type": "north",
        "feature_name": "10）第 10 分道通航制 （1）分隔线第 10 分道通航制的分隔线为以下三点连线： - North Boundary",
        "description": "（2）边界线第 10 分道通航制北边界线为以下三点连线：",
        "color": "#1E90FF",
        "section_name_en": "I. Ship’s Routeing System for the North of the Yellow Sea",
        "feature_type_en": "North Boundary Line",
        "feature_name_en": "Traffic Separation Scheme No. 10 - North Boundary Line"
      }
    },
    {
      "type": "Feature",
      "geometry": {
        "type": "LineString",
        "coordinates": [
          [
            122.7931667,
            39.1248333
          ],
          [
            122.7618333,
            39.1165
          ],
          [
            122.7211667,
            39.1003333
          ]
        ]
      },
      "properties": {
        "section_id": 1,
        "section_name_zh": "一、黄海北部船舶定线制",
        "scheme_id": 10,
        "scheme_name_zh": "10）第 10 分道通航制 （1）分隔线第 10 分道通航制的分隔线为以下三点连线：",
        "scheme_name_en": "Traffic Separation Scheme No. 10",
        "feature_type": "tss_boundary",
        "boundary_type": "south",
        "feature_name": "10）第 10 分道通航制 （1）分隔线第 10 分道通航制的分隔线为以下三点连线： - South Boundary",
        "description": "第 10 分道通航制南边界线为以下三点连线：",
        "color": "#1E90FF",
        "section_name_en": "I. Ship’s Routeing System for the North of the Yellow Sea",
        "feature_type_en": "South Boundary Line",
        "feature_name_en": "Traffic Separation Scheme No. 10 - South Boundary Line"
      }
    },
    {
      "type": "Feature",
      "geometry": {
        "type": "LineString",
        "coordinates": [
          [
            122.5573194,
            39.0543861
          ],
          [
            121.8959778,
            38.7944528
          ]
        ]
      },
      "properties": {
        "section_id": 1,
        "section_name_zh": "一、黄海北部船舶定线制",
        "scheme_id": 11,
        "scheme_name_zh": "11）第 11 分道通航制 （1）分隔线第 11 分道通航制的分隔线为以下两点连线：",
        "scheme_name_en": "Traffic Separation Scheme No. 11",
        "feature_type": "tss_separation_line",
        "feature_name": "11）第 11 分道通航制 （1）分隔线第 11 分道通航制的分隔线为以下两点连线： - 分隔线",
        "description": "11）第 11 分道通航制 （1）分隔线第 11 分道通航制的分隔线为以下两点连线：",
        "color": "#9400D3",
        "section_name_en": "I. Ship’s Routeing System for the North of the Yellow Sea",
        "feature_type_en": "Separation Line",
        "feature_name_en": "Traffic Separation Scheme No. 11 - Separation Line"
      }
    },
    {
      "type": "Feature",
      "geometry": {
        "type": "LineString",
        "coordinates": [
          [
            122.5475,
            39.0691667
          ],
          [
            122.2965,
            38.9698333
          ],
          [
            122.2818778,
            38.9735306
          ],
          [
            121.8539528,
            38.8063806
          ]
        ]
      },
      "properties": {
        "section_id": 1,
        "section_name_zh": "一、黄海北部船舶定线制",
        "scheme_id": 11,
        "scheme_name_zh": "11）第 11 分道通航制 （1）分隔线第 11 分道通航制的分隔线为以下两点连线：",
        "scheme_name_en": "Traffic Separation Scheme No. 11",
        "feature_type": "tss_boundary",
        "boundary_type": "north",
        "feature_name": "11）第 11 分道通航制 （1）分隔线第 11 分道通航制的分隔线为以下两点连线： - North Boundary",
        "description": "（2）边界线第 11 分道通航制北边界线为以下四点连线：",
        "color": "#1E90FF",
        "section_name_en": "I. Ship’s Routeing System for the North of the Yellow Sea",
        "feature_type_en": "North Boundary Line",
        "feature_name_en": "Traffic Separation Scheme No. 11 - North Boundary Line"
      }
    },
    {
      "type": "Feature",
      "geometry": {
        "type": "LineString",
        "coordinates": [
          [
            122.5673333,
            39.0396667
          ],
          [
            122.3139083,
            38.9394694
          ],
          [
            122.3086444,
            38.9279306
          ],
          [
            121.920575,
            38.7764278
          ]
        ]
      },
      "properties": {
        "section_id": 1,
        "section_name_zh": "一、黄海北部船舶定线制",
        "scheme_id": 11,
        "scheme_name_zh": "11）第 11 分道通航制 （1）分隔线第 11 分道通航制的分隔线为以下两点连线：",
        "scheme_name_en": "Traffic Separation Scheme No. 11",
        "feature_type": "tss_boundary",
        "boundary_type": "south",
        "feature_name": "11）第 11 分道通航制 （1）分隔线第 11 分道通航制的分隔线为以下两点连线： - South Boundary",
        "description": "第 11 分道通航制南边界线为以下四点连线：",
        "color": "#1E90FF",
        "section_name_en": "I. Ship’s Routeing System for the North of the Yellow Sea",
        "feature_type_en": "South Boundary Line",
        "feature_name_en": "Traffic Separation Scheme No. 11 - South Boundary Line"
      }
    },
    {
      "type": "Feature",
      "geometry": {
        "type": "Polygon",
        "coordinates": [
          [
            [
              121.8425,
              38.8053606
            ],
            [
              121.851927,
              38.8049993
            ],
            [
              121.861263,
              38.8039189
            ],
            [
              121.8704177,
              38.8021299
            ],
            [
              121.8793027,
              38.7996496
            ],
            [
              121.8878323,
              38.7965019
            ],
            [
              121.8959241,
              38.7927171
            ],
            [
              121.9035,
              38.788332
            ],
            [
              121.9104871,
              38.7833887
            ],
            [
              121.9168179,
              38.777935
            ],
            [
              121.9224316,
              38.7720236
            ],
            [
              121.9272742,
              38.7657114
            ],
            [
              121.9312991,
              38.7590594
            ],
            [
              121.9344679,
              38.7521318
            ],
            [
              121.9367501,
              38.7449952
            ],
            [
              121.9381241,
              38.7377185
            ],
            [
              121.9385769,
              38.7303718
            ],
            [
              121.9381044,
              38.7230258
            ],
            [
              121.9367115,
              38.7157514
            ],
            [
              121.9344119,
              38.7086184
            ],
            [
              121.9312279,
              38.7016956
            ],
            [
              121.9271904,
              38.6950496
            ],
            [
              121.9223385,
              38.6887443
            ],
            [
              121.9167191,
              38.6828402
            ],
            [
              121.9103863,
              38.6773942
            ],
            [
              121.9034012,
              38.6724586
            ],
            [
              121.895831,
              38.6680808
            ],
            [
              121.8877485,
              38.6643029
            ],
            [
              121.8792315,
              38.6611611
            ],
            [
              121.8703617,
              38.6586856
            ],
            [
              121.8612244,
              38.6569003
            ],
            [
              121.8519074,
              38.6558222
            ],
            [
              121.8425,
              38.6554616
            ],
            [
              121.8330926,
              38.6558222
            ],
            [
              121.8237756,
              38.6569003
            ],
            [
              121.8146383,
              38.6586856
            ],
            [
              121.8057685,
              38.6611611
            ],
            [
              121.7972515,
              38.6643029
            ],
            [
              121.789169,
              38.6680808
            ],
            [
              121.7815988,
              38.6724586
            ],
            [
              121.7746137,
              38.6773942
            ],
            [
              121.7682809,
              38.6828402
            ],
            [
              121.7626615,
              38.6887443
            ],
            [
              121.7578096,
              38.6950496
            ],
            [
              121.7537721,
              38.7016956
            ],
            [
              121.7505881,
              38.7086184
            ],
            [
              121.7482885,
              38.7157514
            ],
            [
              121.7468956,
              38.7230258
            ],
            [
              121.7464231,
              38.7303718
            ],
            [
              121.7468759,
              38.7377185
            ],
            [
              121.7482499,
              38.7449952
            ],
            [
              121.7505321,
              38.7521318
            ],
            [
              121.7537009,
              38.7590594
            ],
            [
              121.7577258,
              38.7657114
            ],
            [
              121.7625684,
              38.7720236
            ],
            [
              121.7681821,
              38.777935
            ],
            [
              121.7745129,
              38.7833887
            ],
            [
              121.7815,
              38.788332
            ],
            [
              121.7890759,
              38.7927171
            ],
            [
              121.7971677,
              38.7965019
            ],
            [
              121.8056973,
              38.7996496
            ],
            [
              121.8145823,
              38.8021299
            ],
            [
              121.823737,
              38.8039189
            ],
            [
              121.833073,
              38.8049993
            ],
            [
              121.8425,
              38.8053606
            ]
          ]
        ]
      },
      "properties": {
        "section_id": 1,
        "section_name_zh": "一、黄海北部船舶定线制",
        "feature_type": "precautionary_area",
        "feature_name": "1）1 号警戒区",
        "shape_type": "circle",
        "center_lat": 38.7304111,
        "center_lng": 121.8425,
        "center_dms": "38°43′49.48″N, 121°50′33.00″E",
        "radius_nm": 4.5,
        "description": "1）1 号警戒区，为以 38°43′49.48″N，121°50′33.00″E 为圆心， 4.5 海里为半径的圆形水域。",
        "color": "#FF8C00",
        "section_name_en": "I. Ship’s Routeing System for the North of the Yellow Sea",
        "feature_type_en": "Precautionary Area",
        "feature_name_en": "Precautionary Area No. 1"
      }
    },
    {
      "type": "Feature",
      "geometry": {
        "type": "Point",
        "coordinates": [
          121.8425,
          38.7304111
        ]
      },
      "properties": {
        "section_id": 1,
        "section_name_zh": "一、黄海北部船舶定线制",
        "feature_type": "precautionary_center",
        "feature_name": "1）1 号警戒区 (Center)",
        "radius_nm": 4.5,
        "dms": "38°43′49.48″N, 121°50′33.00″E",
        "section_name_en": "I. Ship’s Routeing System for the North of the Yellow Sea",
        "feature_type_en": "Precautionary Area Center",
        "feature_name_en": "1）1 号警戒区 (Center) (Center Point)"
      }
    },
    {
      "type": "Feature",
      "geometry": {
        "type": "Polygon",
        "coordinates": [
          [
            [
              123.4029,
              38.9471553
            ],
            [
              123.4070982,
              38.9469948
            ],
            [
              123.4112559,
              38.9465149
            ],
            [
              123.415333,
              38.9457203
            ],
            [
              123.4192902,
              38.9446185
            ],
            [
              123.4230893,
              38.9432202
            ],
            [
              123.4266938,
              38.941539
            ],
            [
              123.4300689,
              38.9395909
            ],
            [
              123.433182,
              38.9373948
            ],
            [
              123.4360032,
              38.9349719
            ],
            [
              123.4385053,
              38.9323455
            ],
            [
              123.4406643,
              38.929541
            ],
            [
              123.4424593,
              38.9265852
            ],
            [
              123.4438732,
              38.9235069
            ],
            [
              123.4448922,
              38.9203355
            ],
            [
              123.4455068,
              38.9171017
            ],
            [
              123.445711,
              38.9138366
            ],
            [
              123.4455029,
              38.9105716
            ],
            [
              123.4448846,
              38.9073383
            ],
            [
              123.443862,
              38.9041676
            ],
            [
              123.4424451,
              38.9010902
            ],
            [
              123.4406476,
              38.8981357
            ],
            [
              123.4384868,
              38.8953325
            ],
            [
              123.4359835,
              38.8927075
            ],
            [
              123.4331619,
              38.8902861
            ],
            [
              123.4300492,
              38.8880916
            ],
            [
              123.4266752,
              38.886145
            ],
            [
              123.4230726,
              38.8844651
            ],
            [
              123.419276,
              38.883068
            ],
            [
              123.4153218,
              38.8819672
            ],
            [
              123.4112482,
              38.8811733
            ],
            [
              123.4070943,
              38.8806939
            ],
            [
              123.4029,
              38.8805335
            ],
            [
              123.3987057,
              38.8806939
            ],
            [
              123.3945518,
              38.8811733
            ],
            [
              123.3904782,
              38.8819672
            ],
            [
              123.386524,
              38.883068
            ],
            [
              123.3827274,
              38.8844651
            ],
            [
              123.3791248,
              38.886145
            ],
            [
              123.3757508,
              38.8880916
            ],
            [
              123.3726381,
              38.8902861
            ],
            [
              123.3698165,
              38.8927075
            ],
            [
              123.3673132,
              38.8953325
            ],
            [
              123.3651524,
              38.8981357
            ],
            [
              123.3633549,
              38.9010902
            ],
            [
              123.361938,
              38.9041676
            ],
            [
              123.3609154,
              38.9073383
            ],
            [
              123.3602971,
              38.9105716
            ],
            [
              123.360089,
              38.9138366
            ],
            [
              123.3602932,
              38.9171017
            ],
            [
              123.3609078,
              38.9203355
            ],
            [
              123.3619268,
              38.9235069
            ],
            [
              123.3633407,
              38.9265852
            ],
            [
              123.3651357,
              38.929541
            ],
            [
              123.3672947,
              38.9323455
            ],
            [
              123.3697968,
              38.9349719
            ],
            [
              123.372618,
              38.9373948
            ],
            [
              123.3757311,
              38.9395909
            ],
            [
              123.3791062,
              38.941539
            ],
            [
              123.3827107,
              38.9432202
            ],
            [
              123.3865098,
              38.9446185
            ],
            [
              123.390467,
              38.9457203
            ],
            [
              123.3945441,
              38.9465149
            ],
            [
              123.3987018,
              38.9469948
            ],
            [
              123.4029,
              38.9471553
            ]
          ]
        ]
      },
      "properties": {
        "section_id": 1,
        "section_name_zh": "一、黄海北部船舶定线制",
        "feature_type": "precautionary_area",
        "feature_name": "2）2 号警戒区",
        "shape_type": "circle",
        "center_lat": 38.9138444,
        "center_lng": 123.4029,
        "center_dms": "38°54′49.84″N, 123°24′10.44″E",
        "radius_nm": 2.0,
        "description": "2）2 号警戒区，为以 38°54′49.84″N，123°24′10.44″E 为圆心， 2 海里为半径的圆形水域。",
        "color": "#FF8C00",
        "section_name_en": "I. Ship’s Routeing System for the North of the Yellow Sea",
        "feature_type_en": "Precautionary Area",
        "feature_name_en": "Precautionary Area No. 2"
      }
    },
    {
      "type": "Feature",
      "geometry": {
        "type": "Point",
        "coordinates": [
          123.4029,
          38.9138444
        ]
      },
      "properties": {
        "section_id": 1,
        "section_name_zh": "一、黄海北部船舶定线制",
        "feature_type": "precautionary_center",
        "feature_name": "2）2 号警戒区 (Center)",
        "radius_nm": 2.0,
        "dms": "38°54′49.84″N, 123°24′10.44″E",
        "section_name_en": "I. Ship’s Routeing System for the North of the Yellow Sea",
        "feature_type_en": "Precautionary Area Center",
        "feature_name_en": "2）2 号警戒区 (Center) (Center Point)"
      }
    },
    {
      "type": "Feature",
      "geometry": {
        "type": "Polygon",
        "coordinates": [
          [
            [
              123.4677194,
              39.403525
            ],
            [
              123.5,
              39.3602
            ],
            [
              123.5188333,
              39.3985806
            ],
            [
              123.5482,
              39.4148167
            ],
            [
              123.5313,
              39.4361167
            ],
            [
              123.4677194,
              39.403525
            ]
          ]
        ]
      },
      "properties": {
        "section_id": 1,
        "section_name_zh": "一、黄海北部船舶定线制",
        "feature_type": "precautionary_area",
        "feature_name": "3）3 号警戒区",
        "shape_type": "polygon",
        "description": "3）3 号警戒区为多点构成的不规则的几何图形，为以下五点连线构成的水域：\n39°24′12.69″N，123°28′03.79″E；\n39°21′36.72″N，123°30′00.00″E；\n39°23′54.89″N，123°31′07.80″E；\n39°24′53.34″N，123°32′53.52″E；\n39°26′10.02″N，123°31′52.68″E。",
        "color": "#FF8C00",
        "section_name_en": "I. Ship’s Routeing System for the North of the Yellow Sea",
        "feature_type_en": "Precautionary Area",
        "feature_name_en": "Precautionary Area No. 3"
      }
    },
    {
      "type": "Feature",
      "geometry": {
        "type": "Polygon",
        "coordinates": [
          [
            [
              122.7795,
              39.1563333
            ],
            [
              122.7931667,
              39.1248333
            ],
            [
              122.8944556,
              39.1518139
            ],
            [
              122.88085,
              39.1834528
            ],
            [
              122.7795,
              39.1563333
            ]
          ]
        ]
      },
      "properties": {
        "section_id": 1,
        "section_name_zh": "一、黄海北部船舶定线制",
        "feature_type": "precautionary_area",
        "feature_name": "4）4 号警戒区",
        "shape_type": "polygon",
        "description": "4）4 号警戒区为以下四点连接构成的矩形图形水域：\n39°09′22.80″N，122°46′46.20″E；\n39°07′29.40″N，122°47′35.40″E；\n39°09′06.53″N，122°53′40.04″E；\n39°11′00.43″N，122°52′51.06″E。",
        "color": "#FF8C00",
        "section_name_en": "I. Ship’s Routeing System for the North of the Yellow Sea",
        "feature_type_en": "Precautionary Area",
        "feature_name_en": "Precautionary Area No. 4"
      }
    },
    {
      "type": "Feature",
      "geometry": {
        "type": "Polygon",
        "coordinates": [
          [
            [
              122.5475,
              39.0691667
            ],
            [
              122.5673333,
              39.0396667
            ],
            [
              122.7211667,
              39.1003333
            ],
            [
              122.7005,
              39.1296667
            ],
            [
              122.5475,
              39.0691667
            ]
          ]
        ]
      },
      "properties": {
        "section_id": 1,
        "section_name_zh": "一、黄海北部船舶定线制",
        "feature_type": "precautionary_area",
        "feature_name": "5）5 号警戒区",
        "shape_type": "polygon",
        "description": "5）5 号警戒区为以下四点连接构成的矩形图形水域：\n39°04′09.00″N，122°32′51.00″E；\n39°02′22.80″N，122°34′02.40″E；\n39°06′01.20″N，122°43′16.20″E；\n39°07′46.80″N，122°42′01.80″E。",
        "color": "#FF8C00",
        "section_name_en": "I. Ship’s Routeing System for the North of the Yellow Sea",
        "feature_type_en": "Precautionary Area",
        "feature_name_en": "Precautionary Area No. 5"
      }
    },
    {
      "type": "Feature",
      "geometry": {
        "type": "LineString",
        "coordinates": [
          [
            120.8569444,
            38.690375
          ],
          [
            120.8569444,
            38.9336111
          ],
          [
            120.8754,
            39.0732639
          ]
        ]
      },
      "properties": {
        "section_id": 2,
        "section_name_zh": "二、老铁山水道至渤海北部船舶定线制",
        "scheme_id": 1,
        "scheme_name_zh": "1）第 1 分道通航制 （1）分隔线（带）",
        "scheme_name_en": "Traffic Separation Scheme No. 1",
        "feature_type": "tss_separation_line",
        "feature_name": "1）第 1 分道通航制 （1）分隔线（带） - 分隔线",
        "description": "①第 1 分道通航制分隔线为以下三点连线：",
        "color": "#9400D3",
        "section_name_en": "II. Ship's Routeing System from the Laotieshan Channel to the North of the Bohai Sea",
        "feature_type_en": "Separation Line",
        "feature_name_en": "Traffic Separation Scheme No. 1 - Separation Line"
      }
    },
    {
      "type": "Feature",
      "geometry": {
        "type": "Polygon",
        "coordinates": [
          [
            [
              120.8754,
              39.0732639
            ],
            [
              120.887525,
              39.084075
            ],
            [
              120.9300667,
              39.4114194
            ],
            [
              120.9086944,
              39.4123778
            ],
            [
              120.8661056,
              39.0858833
            ],
            [
              120.8754,
              39.0732639
            ]
          ]
        ]
      },
      "properties": {
        "section_id": 2,
        "section_name_zh": "二、老铁山水道至渤海北部船舶定线制",
        "scheme_id": 1,
        "scheme_name_zh": "1）第 1 分道通航制 （1）分隔线（带）",
        "scheme_name_en": "Traffic Separation Scheme No. 1",
        "feature_type": "tss_separation_zone",
        "feature_name": "1）第 1 分道通航制 （1）分隔线（带） - 分隔带",
        "description": "②第 1 分道通航制分隔带由以下五点连线构成，分隔带宽度最大为 1 海里：",
        "color": "#800080",
        "section_name_en": "II. Ship's Routeing System from the Laotieshan Channel to the North of the Bohai Sea",
        "feature_type_en": "Separation Zone",
        "feature_name_en": "Traffic Separation Scheme No. 1 - Separation Zone"
      }
    },
    {
      "type": "Feature",
      "geometry": {
        "type": "LineString",
        "coordinates": [
          [
            120.9035167,
            38.6814472
          ],
          [
            120.9056667,
            38.6895
          ],
          [
            120.906,
            38.9323333
          ],
          [
            120.9243333,
            39.0691667
          ],
          [
            120.9408,
            39.0796278
          ],
          [
            120.9842694,
            39.40795
          ]
        ]
      },
      "properties": {
        "section_id": 2,
        "section_name_zh": "二、老铁山水道至渤海北部船舶定线制",
        "scheme_id": 1,
        "scheme_name_zh": "1）第 1 分道通航制 （1）分隔线（带）",
        "scheme_name_en": "Traffic Separation Scheme No. 1",
        "feature_type": "tss_boundary",
        "boundary_type": "east",
        "feature_name": "1）第 1 分道通航制 （1）分隔线（带） - East Boundary",
        "description": "（2）边界线第 1 分道通航制东边界线为以下六点连线：",
        "color": "#1E90FF",
        "section_name_en": "II. Ship's Routeing System from the Laotieshan Channel to the North of the Bohai Sea",
        "feature_type_en": "East Boundary Line",
        "feature_name_en": "Traffic Separation Scheme No. 1 - East Boundary Line"
      }
    },
    {
      "type": "Feature",
      "geometry": {
        "type": "LineString",
        "coordinates": [
          [
            120.8076667,
            38.6813194
          ],
          [
            120.8076667,
            38.9335
          ],
          [
            120.8263333,
            39.0778333
          ],
          [
            120.8125833,
            39.0903361
          ],
          [
            120.8550806,
            39.4158944
          ]
        ]
      },
      "properties": {
        "section_id": 2,
        "section_name_zh": "二、老铁山水道至渤海北部船舶定线制",
        "scheme_id": 1,
        "scheme_name_zh": "1）第 1 分道通航制 （1）分隔线（带）",
        "scheme_name_en": "Traffic Separation Scheme No. 1",
        "feature_type": "tss_boundary",
        "boundary_type": "west",
        "feature_name": "1）第 1 分道通航制 （1）分隔线（带） - West Boundary",
        "description": "第 1 分道通航制西边界线为以下五点连线：",
        "color": "#1E90FF",
        "section_name_en": "II. Ship's Routeing System from the Laotieshan Channel to the North of the Bohai Sea",
        "feature_type_en": "West Boundary Line",
        "feature_name_en": "Traffic Separation Scheme No. 1 - West Boundary Line"
      }
    },
    {
      "type": "Feature",
      "geometry": {
        "type": "Polygon",
        "coordinates": [
          [
            [
              121.0243639,
              39.6102972
            ],
            [
              121.0418444,
              39.6004639
            ],
            [
              121.3512833,
              39.9207306
            ],
            [
              121.3791667,
              39.9636111
            ],
            [
              121.3324,
              39.9296028
            ],
            [
              121.0243639,
              39.6102972
            ]
          ]
        ]
      },
      "properties": {
        "section_id": 2,
        "section_name_zh": "二、老铁山水道至渤海北部船舶定线制",
        "scheme_id": 2,
        "scheme_name_zh": "2）第 2 分道通航制 （1）分隔线（带）",
        "scheme_name_en": "Traffic Separation Scheme No. 2",
        "feature_type": "tss_separation_zone",
        "feature_name": "2）第 2 分道通航制 （1）分隔线（带） - 分隔带",
        "description": "①第 2 分道通航制分隔带由以下五点连线构成，分隔带宽度最大为 1 海里：",
        "color": "#800080",
        "section_name_en": "II. Ship's Routeing System from the Laotieshan Channel to the North of the Bohai Sea",
        "feature_type_en": "Separation Zone",
        "feature_name_en": "Traffic Separation Scheme No. 2 - Separation Zone"
      }
    },
    {
      "type": "Feature",
      "geometry": {
        "type": "LineString",
        "coordinates": [
          [
            121.3791667,
            39.9636111
          ],
          [
            121.4237139,
            40.1428833
          ]
        ]
      },
      "properties": {
        "section_id": 2,
        "section_name_zh": "二、老铁山水道至渤海北部船舶定线制",
        "scheme_id": 2,
        "scheme_name_zh": "2）第 2 分道通航制 （1）分隔线（带）",
        "scheme_name_en": "Traffic Separation Scheme No. 2",
        "feature_type": "tss_separation_line",
        "feature_name": "2）第 2 分道通航制 （1）分隔线（带） - 分隔线",
        "description": "②第 2 分道通航制分隔线为以下两点连线：",
        "color": "#9400D3",
        "section_name_en": "II. Ship's Routeing System from the Laotieshan Channel to the North of the Bohai Sea",
        "feature_type_en": "Separation Line",
        "feature_name_en": "Traffic Separation Scheme No. 2 - Separation Line"
      }
    },
    {
      "type": "Feature",
      "geometry": {
        "type": "LineString",
        "coordinates": [
          [
            121.08535,
            39.5757167
          ],
          [
            121.3972722,
            39.899125
          ],
          [
            121.4571667,
            40.1441667
          ]
        ]
      },
      "properties": {
        "section_id": 2,
        "section_name_zh": "二、老铁山水道至渤海北部船舶定线制",
        "scheme_id": 2,
        "scheme_name_zh": "2）第 2 分道通航制 （1）分隔线（带）",
        "scheme_name_en": "Traffic Separation Scheme No. 2",
        "feature_type": "tss_boundary",
        "boundary_type": "east",
        "feature_name": "2）第 2 分道通航制 （1）分隔线（带） - East Boundary",
        "description": "（2）边界线第 2 分道通航制东边界线为以下三点连线：",
        "color": "#1E90FF",
        "section_name_en": "II. Ship's Routeing System from the Laotieshan Channel to the North of the Bohai Sea",
        "feature_type_en": "East Boundary Line",
        "feature_name_en": "Traffic Separation Scheme No. 2 - East Boundary Line"
      }
    },
    {
      "type": "Feature",
      "geometry": {
        "type": "LineString",
        "coordinates": [
          [
            120.9806611,
            39.6348778
          ],
          [
            121.2856056,
            39.9515833
          ],
          [
            121.3497639,
            39.9801444
          ],
          [
            121.3936667,
            40.1551667
          ]
        ]
      },
      "properties": {
        "section_id": 2,
        "section_name_zh": "二、老铁山水道至渤海北部船舶定线制",
        "scheme_id": 2,
        "scheme_name_zh": "2）第 2 分道通航制 （1）分隔线（带）",
        "scheme_name_en": "Traffic Separation Scheme No. 2",
        "feature_type": "tss_boundary",
        "boundary_type": "west",
        "feature_name": "2）第 2 分道通航制 （1）分隔线（带） - West Boundary",
        "description": "第 2 分道通航制西边界线为以下四点连线：",
        "color": "#1E90FF",
        "section_name_en": "II. Ship's Routeing System from the Laotieshan Channel to the North of the Bohai Sea",
        "feature_type_en": "West Boundary Line",
        "feature_name_en": "Traffic Separation Scheme No. 2 - West Boundary Line"
      }
    },
    {
      "type": "Feature",
      "geometry": {
        "type": "LineString",
        "coordinates": [
          [
            121.3866194,
            40.2170861
          ],
          [
            121.3655556,
            40.2505556
          ],
          [
            121.0833333,
            40.5333333
          ]
        ]
      },
      "properties": {
        "section_id": 2,
        "section_name_zh": "二、老铁山水道至渤海北部船舶定线制",
        "scheme_id": 3,
        "scheme_name_zh": "3）第 3 分道通航制 （1）分隔线第 3 分道通航制的分隔线为以下三点连线：",
        "scheme_name_en": "Traffic Separation Scheme No. 3",
        "feature_type": "tss_separation_line",
        "feature_name": "3）第 3 分道通航制 （1）分隔线第 3 分道通航制的分隔线为以下三点连线： - 分隔线",
        "description": "3）第 3 分道通航制 （1）分隔线第 3 分道通航制的分隔线为以下三点连线：",
        "color": "#9400D3",
        "section_name_en": "II. Ship's Routeing System from the Laotieshan Channel to the North of the Bohai Sea",
        "feature_type_en": "Separation Line",
        "feature_name_en": "Traffic Separation Scheme No. 3 - Separation Line"
      }
    },
    {
      "type": "Feature",
      "geometry": {
        "type": "LineString",
        "coordinates": [
          [
            121.4128333,
            40.233
          ],
          [
            121.3935,
            40.2636667
          ],
          [
            121.1093333,
            40.5485
          ]
        ]
      },
      "properties": {
        "section_id": 2,
        "section_name_zh": "二、老铁山水道至渤海北部船舶定线制",
        "scheme_id": 3,
        "scheme_name_zh": "3）第 3 分道通航制 （1）分隔线第 3 分道通航制的分隔线为以下三点连线：",
        "scheme_name_en": "Traffic Separation Scheme No. 3",
        "feature_type": "tss_boundary",
        "boundary_type": "east",
        "feature_name": "3）第 3 分道通航制 （1）分隔线第 3 分道通航制的分隔线为以下三点连线： - East Boundary",
        "description": "（2）边界线第 3 分道通航制东边界线为以下三点连线：",
        "color": "#1E90FF",
        "section_name_en": "II. Ship's Routeing System from the Laotieshan Channel to the North of the Bohai Sea",
        "feature_type_en": "East Boundary Line",
        "feature_name_en": "Traffic Separation Scheme No. 3 - East Boundary Line"
      }
    },
    {
      "type": "Feature",
      "geometry": {
        "type": "LineString",
        "coordinates": [
          [
            121.3788333,
            40.172
          ],
          [
            121.3376667,
            40.2373333
          ],
          [
            121.0573333,
            40.5181667
          ]
        ]
      },
      "properties": {
        "section_id": 2,
        "section_name_zh": "二、老铁山水道至渤海北部船舶定线制",
        "scheme_id": 3,
        "scheme_name_zh": "3）第 3 分道通航制 （1）分隔线第 3 分道通航制的分隔线为以下三点连线：",
        "scheme_name_en": "Traffic Separation Scheme No. 3",
        "feature_type": "tss_boundary",
        "boundary_type": "west",
        "feature_name": "3）第 3 分道通航制 （1）分隔线第 3 分道通航制的分隔线为以下三点连线： - West Boundary",
        "description": "第 3 分道通航制西边界线为以下三点连线：",
        "color": "#1E90FF",
        "section_name_en": "II. Ship's Routeing System from the Laotieshan Channel to the North of the Bohai Sea",
        "feature_type_en": "West Boundary Line",
        "feature_name_en": "Traffic Separation Scheme No. 3 - West Boundary Line"
      }
    },
    {
      "type": "Feature",
      "geometry": {
        "type": "LineString",
        "coordinates": [
          [
            121.45,
            40.2356278
          ],
          [
            121.45,
            40.5649639
          ],
          [
            121.3522889,
            40.61405
          ],
          [
            121.2546861,
            40.6366694
          ],
          [
            121.0330556,
            40.6980556
          ]
        ]
      },
      "properties": {
        "section_id": 2,
        "section_name_zh": "二、老铁山水道至渤海北部船舶定线制",
        "scheme_id": 4,
        "scheme_name_zh": "4）第 4 分道通航制 （1）分隔线第 4 分道通航制的分隔线为以下五点连线：",
        "scheme_name_en": "Traffic Separation Scheme No. 4",
        "feature_type": "tss_separation_line",
        "feature_name": "4）第 4 分道通航制 （1）分隔线第 4 分道通航制的分隔线为以下五点连线： - 分隔线",
        "description": "4）第 4 分道通航制 （1）分隔线第 4 分道通航制的分隔线为以下五点连线：",
        "color": "#9400D3",
        "section_name_en": "II. Ship's Routeing System from the Laotieshan Channel to the North of the Bohai Sea",
        "feature_type_en": "Separation Line",
        "feature_name_en": "Traffic Separation Scheme No. 4 - Separation Line"
      }
    },
    {
      "type": "Feature",
      "geometry": {
        "type": "LineString",
        "coordinates": [
          [
            121.4823333,
            40.2216667
          ],
          [
            121.4824167,
            40.5652778
          ],
          [
            121.3574083,
            40.6273611
          ],
          [
            121.2582556,
            40.644425
          ],
          [
            121.0372222,
            40.7058694
          ]
        ]
      },
      "properties": {
        "section_id": 2,
        "section_name_zh": "二、老铁山水道至渤海北部船舶定线制",
        "scheme_id": 4,
        "scheme_name_zh": "4）第 4 分道通航制 （1）分隔线第 4 分道通航制的分隔线为以下五点连线：",
        "scheme_name_en": "Traffic Separation Scheme No. 4",
        "feature_type": "tss_boundary",
        "boundary_type": "east",
        "feature_name": "4）第 4 分道通航制 （1）分隔线第 4 分道通航制的分隔线为以下五点连线： - East Boundary",
        "description": "（2）边界线第 4 分道通航制东边界线为以下五点连线：",
        "color": "#1E90FF",
        "section_name_en": "II. Ship's Routeing System from the Laotieshan Channel to the North of the Bohai Sea",
        "feature_type_en": "East Boundary Line",
        "feature_name_en": "Traffic Separation Scheme No. 4 - East Boundary Line"
      }
    },
    {
      "type": "Feature",
      "geometry": {
        "type": "LineString",
        "coordinates": [
          [
            121.4180889,
            40.2342194
          ],
          [
            121.4168611,
            40.5654306
          ],
          [
            121.3337111,
            40.6074167
          ],
          [
            121.0303028,
            40.689825
          ]
        ]
      },
      "properties": {
        "section_id": 2,
        "section_name_zh": "二、老铁山水道至渤海北部船舶定线制",
        "scheme_id": 4,
        "scheme_name_zh": "4）第 4 分道通航制 （1）分隔线第 4 分道通航制的分隔线为以下五点连线：",
        "scheme_name_en": "Traffic Separation Scheme No. 4",
        "feature_type": "tss_boundary",
        "boundary_type": "west",
        "feature_name": "4）第 4 分道通航制 （1）分隔线第 4 分道通航制的分隔线为以下五点连线： - West Boundary",
        "description": "第 4 分道通航制西边界线为以下四点连线：",
        "color": "#1E90FF",
        "section_name_en": "II. Ship's Routeing System from the Laotieshan Channel to the North of the Bohai Sea",
        "feature_type_en": "West Boundary Line",
        "feature_name_en": "Traffic Separation Scheme No. 4 - West Boundary Line"
      }
    },
    {
      "type": "Feature",
      "geometry": {
        "type": "LineString",
        "coordinates": [
          [
            121.7191667,
            40.4191667
          ],
          [
            121.6725,
            40.4491667
          ],
          [
            121.4822444,
            40.53465
          ]
        ]
      },
      "properties": {
        "section_id": 2,
        "section_name_zh": "二、老铁山水道至渤海北部船舶定线制",
        "scheme_id": 5,
        "scheme_name_zh": "5）第 5 分道通航制 （1）分隔线第 5 分道通航制的分隔线为以下三点连线：",
        "scheme_name_en": "Traffic Separation Scheme No. 5",
        "feature_type": "tss_separation_line",
        "feature_name": "5）第 5 分道通航制 （1）分隔线第 5 分道通航制的分隔线为以下三点连线： - 分隔线",
        "description": "5）第 5 分道通航制 （1）分隔线第 5 分道通航制的分隔线为以下三点连线：",
        "color": "#9400D3",
        "section_name_en": "II. Ship's Routeing System from the Laotieshan Channel to the North of the Bohai Sea",
        "feature_type_en": "Separation Line",
        "feature_name_en": "Traffic Separation Scheme No. 5 - Separation Line"
      }
    },
    {
      "type": "Feature",
      "geometry": {
        "type": "LineString",
        "coordinates": [
          [
            121.7261667,
            40.4255
          ],
          [
            121.6788333,
            40.456
          ],
          [
            121.4822444,
            40.5443389
          ]
        ]
      },
      "properties": {
        "section_id": 2,
        "section_name_zh": "二、老铁山水道至渤海北部船舶定线制",
        "scheme_id": 5,
        "scheme_name_zh": "5）第 5 分道通航制 （1）分隔线第 5 分道通航制的分隔线为以下三点连线：",
        "scheme_name_en": "Traffic Separation Scheme No. 5",
        "feature_type": "tss_boundary",
        "boundary_type": "north",
        "feature_name": "5）第 5 分道通航制 （1）分隔线第 5 分道通航制的分隔线为以下三点连线： - North Boundary",
        "description": "（2）边界线第 5 分道通航制北边界线为以下三点连线：",
        "color": "#1E90FF",
        "section_name_en": "II. Ship's Routeing System from the Laotieshan Channel to the North of the Bohai Sea",
        "feature_type_en": "North Boundary Line",
        "feature_name_en": "Traffic Separation Scheme No. 5 - North Boundary Line"
      }
    },
    {
      "type": "Feature",
      "geometry": {
        "type": "LineString",
        "coordinates": [
          [
            121.7121667,
            40.4128333
          ],
          [
            121.6661667,
            40.4423333
          ],
          [
            121.4824083,
            40.5247083
          ]
        ]
      },
      "properties": {
        "section_id": 2,
        "section_name_zh": "二、老铁山水道至渤海北部船舶定线制",
        "scheme_id": 5,
        "scheme_name_zh": "5）第 5 分道通航制 （1）分隔线第 5 分道通航制的分隔线为以下三点连线：",
        "scheme_name_en": "Traffic Separation Scheme No. 5",
        "feature_type": "tss_boundary",
        "boundary_type": "south",
        "feature_name": "5）第 5 分道通航制 （1）分隔线第 5 分道通航制的分隔线为以下三点连线： - South Boundary",
        "description": "第 5 分道通航制南边界线为以下三点连线：",
        "color": "#1E90FF",
        "section_name_en": "II. Ship's Routeing System from the Laotieshan Channel to the North of the Bohai Sea",
        "feature_type_en": "South Boundary Line",
        "feature_name_en": "Traffic Separation Scheme No. 5 - South Boundary Line"
      }
    },
    {
      "type": "Feature",
      "geometry": {
        "type": "LineString",
        "coordinates": [
          [
            121.4976722,
            40.1989861
          ],
          [
            121.7163889,
            40.3369444
          ]
        ]
      },
      "properties": {
        "section_id": 2,
        "section_name_zh": "二、老铁山水道至渤海北部船舶定线制",
        "scheme_id": 6,
        "scheme_name_zh": "6）第 6 分道通航制 （1）分隔线第 6 分道通航制的分隔线为以下两点连线：",
        "scheme_name_en": "Traffic Separation Scheme No. 6",
        "feature_type": "tss_separation_line",
        "feature_name": "6）第 6 分道通航制 （1）分隔线第 6 分道通航制的分隔线为以下两点连线： - 分隔线",
        "description": "6）第 6 分道通航制 （1）分隔线第 6 分道通航制的分隔线为以下两点连线：",
        "color": "#9400D3",
        "section_name_en": "II. Ship's Routeing System from the Laotieshan Channel to the North of the Bohai Sea",
        "feature_type_en": "Separation Line",
        "feature_name_en": "Traffic Separation Scheme No. 6 - Separation Line"
      }
    },
    {
      "type": "Feature",
      "geometry": {
        "type": "LineString",
        "coordinates": [
          [
            121.4823806,
            40.2215861
          ],
          [
            121.6956667,
            40.3561667
          ]
        ]
      },
      "properties": {
        "section_id": 2,
        "section_name_zh": "二、老铁山水道至渤海北部船舶定线制",
        "scheme_id": 6,
        "scheme_name_zh": "6）第 6 分道通航制 （1）分隔线第 6 分道通航制的分隔线为以下两点连线：",
        "scheme_name_en": "Traffic Separation Scheme No. 6",
        "feature_type": "tss_boundary",
        "boundary_type": "north",
        "feature_name": "6）第 6 分道通航制 （1）分隔线第 6 分道通航制的分隔线为以下两点连线： - North Boundary",
        "description": "（2）边界线第 6 分道通航制北边界线为以下两点连线：",
        "color": "#1E90FF",
        "section_name_en": "II. Ship's Routeing System from the Laotieshan Channel to the North of the Bohai Sea",
        "feature_type_en": "North Boundary Line",
        "feature_name_en": "Traffic Separation Scheme No. 6 - North Boundary Line"
      }
    },
    {
      "type": "Feature",
      "geometry": {
        "type": "LineString",
        "coordinates": [
          [
            121.4823111,
            40.1567333
          ],
          [
            121.7371667,
            40.3176667
          ]
        ]
      },
      "properties": {
        "section_id": 2,
        "section_name_zh": "二、老铁山水道至渤海北部船舶定线制",
        "scheme_id": 6,
        "scheme_name_zh": "6）第 6 分道通航制 （1）分隔线第 6 分道通航制的分隔线为以下两点连线：",
        "scheme_name_en": "Traffic Separation Scheme No. 6",
        "feature_type": "tss_boundary",
        "boundary_type": "south",
        "feature_name": "6）第 6 分道通航制 （1）分隔线第 6 分道通航制的分隔线为以下两点连线： - South Boundary",
        "description": "第 6 分道通航制南边界线为以下两点连线：",
        "color": "#1E90FF",
        "section_name_en": "II. Ship's Routeing System from the Laotieshan Channel to the North of the Bohai Sea",
        "feature_type_en": "South Boundary Line",
        "feature_name_en": "Traffic Separation Scheme No. 6 - South Boundary Line"
      }
    },
    {
      "type": "Feature",
      "geometry": {
        "type": "LineString",
        "coordinates": [
          [
            120.9127611,
            38.6774389
          ],
          [
            121.0077778,
            38.7902778
          ],
          [
            121.0922222,
            38.7902778
          ],
          [
            121.1113889,
            38.7930556
          ],
          [
            121.1180556,
            38.7955556
          ]
        ]
      },
      "properties": {
        "section_id": 2,
        "section_name_zh": "二、老铁山水道至渤海北部船舶定线制",
        "scheme_id": 7,
        "scheme_name_zh": "7）第 7 分道通航制 （1）分隔线第 7 分道通航制的分隔线为以下五点连线：",
        "scheme_name_en": "Traffic Separation Scheme No. 7",
        "feature_type": "tss_separation_line",
        "feature_name": "7）第 7 分道通航制 （1）分隔线第 7 分道通航制的分隔线为以下五点连线： - 分隔线",
        "description": "7）第 7 分道通航制 （1）分隔线第 7 分道通航制的分隔线为以下五点连线：",
        "color": "#9400D3",
        "section_name_en": "II. Ship's Routeing System from the Laotieshan Channel to the North of the Bohai Sea",
        "feature_type_en": "Separation Line",
        "feature_name_en": "Traffic Separation Scheme No. 7 - Separation Line"
      }
    },
    {
      "type": "Feature",
      "geometry": {
        "type": "LineString",
        "coordinates": [
          [
            120.9213444,
            38.6724889
          ],
          [
            121.0164056,
            38.7852778
          ],
          [
            121.1154944,
            38.7852778
          ],
          [
            121.1226611,
            38.7880333
          ]
        ]
      },
      "properties": {
        "section_id": 2,
        "section_name_zh": "二、老铁山水道至渤海北部船舶定线制",
        "scheme_id": 7,
        "scheme_name_zh": "7）第 7 分道通航制 （1）分隔线第 7 分道通航制的分隔线为以下五点连线：",
        "scheme_name_en": "Traffic Separation Scheme No. 7",
        "feature_type": "tss_boundary",
        "boundary_type": "east",
        "feature_name": "7）第 7 分道通航制 （1）分隔线第 7 分道通航制的分隔线为以下五点连线： - East Boundary",
        "description": "（2）边界线第 7 分道通航制东边界线为以下四点连线：",
        "color": "#1E90FF",
        "section_name_en": "II. Ship's Routeing System from the Laotieshan Channel to the North of the Bohai Sea",
        "feature_type_en": "East Boundary Line",
        "feature_name_en": "Traffic Separation Scheme No. 7 - East Boundary Line"
      }
    },
    {
      "type": "Feature",
      "geometry": {
        "type": "LineString",
        "coordinates": [
          [
            120.9035167,
            38.6814472
          ],
          [
            121.0020694,
            38.7986833
          ],
          [
            121.0914278,
            38.7986833
          ],
          [
            121.1080778,
            38.801075
          ],
          [
            121.1134056,
            38.8030667
          ]
        ]
      },
      "properties": {
        "section_id": 2,
        "section_name_zh": "二、老铁山水道至渤海北部船舶定线制",
        "scheme_id": 7,
        "scheme_name_zh": "7）第 7 分道通航制 （1）分隔线第 7 分道通航制的分隔线为以下五点连线：",
        "scheme_name_en": "Traffic Separation Scheme No. 7",
        "feature_type": "tss_boundary",
        "boundary_type": "west",
        "feature_name": "7）第 7 分道通航制 （1）分隔线第 7 分道通航制的分隔线为以下五点连线： - West Boundary",
        "description": "第 7 分道通航制西边界线为以下五点连线：",
        "color": "#1E90FF",
        "section_name_en": "II. Ship's Routeing System from the Laotieshan Channel to the North of the Bohai Sea",
        "feature_type_en": "West Boundary Line",
        "feature_name_en": "Traffic Separation Scheme No. 7 - West Boundary Line"
      }
    },
    {
      "type": "Feature",
      "geometry": {
        "type": "Polygon",
        "coordinates": [
          [
            [
              120.8550806,
              39.4158944
            ],
            [
              120.9842694,
              39.40795
            ],
            [
              120.9939778,
              39.4811139
            ],
            [
              121.08535,
              39.5757167
            ],
            [
              120.9806611,
              39.6348778
            ],
            [
              120.91625,
              39.5683472
            ],
            [
              120.82,
              39.555
            ],
            [
              120.8046556,
              39.56215
            ],
            [
              120.7675,
              39.5205556
            ],
            [
              120.7852667,
              39.4724028
            ],
            [
              120.8621306,
              39.4667667
            ],
            [
              120.8550806,
              39.4158944
            ]
          ]
        ]
      },
      "properties": {
        "section_id": 2,
        "section_name_zh": "二、老铁山水道至渤海北部船舶定线制",
        "feature_type": "precautionary_area",
        "feature_name": "1）1 号警戒区",
        "shape_type": "polygon",
        "description": "1）1 号警戒区为多点构成的不规则的几何图形，为以下十一点连线构成的水域：\n39°24′57.22″N，120°51′18.29″E；\n39°24′28.62″N，120°59′03.37″E；\n39°28′52.01″N，120°59′38.32″E；\n39°34′32.58″N，121°05′07.26″E；\n39°38′05.56″N，120°58′50.38″E；\n39°34′06.05″N，120°54′58.50″E；\n39°33′18.00″N，120°49′12.00″E；\n39°33′43.74″N，120°48′16.76″E；\n39°31′14.00″N，120°46′03.00″E；\n39°28′20.65″N，120°47′06.96″E；\n39°28′00.36″N，120°51′43.67″E。",
        "color": "#FF8C00",
        "section_name_en": "II. Ship's Routeing System from the Laotieshan Channel to the North of the Bohai Sea",
        "feature_type_en": "Precautionary Area",
        "feature_name_en": "Precautionary Area No. 1"
      }
    },
    {
      "type": "Feature",
      "geometry": {
        "type": "Polygon",
        "coordinates": [
          [
            [
              121.4370361,
              40.2367319
            ],
            [
              121.4431309,
              40.2365032
            ],
            [
              121.4491669,
              40.2358192
            ],
            [
              121.4550858,
              40.2346865
            ],
            [
              121.4608305,
              40.2331162
            ],
            [
              121.4663457,
              40.2311232
            ],
            [
              121.471578,
              40.228727
            ],
            [
              121.4764771,
              40.2259505
            ],
            [
              121.4809958,
              40.2228205
            ],
            [
              121.4850905,
              40.2193673
            ],
            [
              121.4887217,
              40.2156242
            ],
            [
              121.4918547,
              40.2116272
            ],
            [
              121.4944592,
              40.2074149
            ],
            [
              121.4965102,
              40.2030279
            ],
            [
              121.4979881,
              40.1985085
            ],
            [
              121.4988788,
              40.1939001
            ],
            [
              121.4991737,
              40.1892473
            ],
            [
              121.4988703,
              40.1845948
            ],
            [
              121.4979714,
              40.1799874
            ],
            [
              121.496486,
              40.1754695
            ],
            [
              121.4944284,
              40.1710845
            ],
            [
              121.4918185,
              40.1668747
            ],
            [
              121.4886816,
              40.1628806
            ],
            [
              121.4850478,
              40.1591406
            ],
            [
              121.4809523,
              40.1556907
            ],
            [
              121.4764345,
              40.152564
            ],
            [
              121.4715378,
              40.1497906
            ],
            [
              121.4663095,
              40.1473972
            ],
            [
              121.4607998,
              40.1454068
            ],
            [
              121.4550616,
              40.1438385
            ],
            [
              121.4491502,
              40.1427074
            ],
            [
              121.4431224,
              40.1420243
            ],
            [
              121.4370361,
              40.1417959
            ],
            [
              121.4309498,
              40.1420243
            ],
            [
              121.424922,
              40.1427074
            ],
            [
              121.4190106,
              40.1438385
            ],
            [
              121.4132724,
              40.1454068
            ],
            [
              121.4077627,
              40.1473972
            ],
            [
              121.4025344,
              40.1497906
            ],
            [
              121.3976377,
              40.152564
            ],
            [
              121.3931199,
              40.1556907
            ],
            [
              121.3890244,
              40.1591406
            ],
            [
              121.3853906,
              40.1628806
            ],
            [
              121.3822537,
              40.1668747
            ],
            [
              121.3796438,
              40.1710845
            ],
            [
              121.3775862,
              40.1754695
            ],
            [
              121.3761008,
              40.1799874
            ],
            [
              121.3752019,
              40.1845948
            ],
            [
              121.3748985,
              40.1892473
            ],
            [
              121.3751934,
              40.1939001
            ],
            [
              121.3760841,
              40.1985085
            ],
            [
              121.377562,
              40.2030279
            ],
            [
              121.379613,
              40.2074149
            ],
            [
              121.3822175,
              40.2116272
            ],
            [
              121.3853505,
              40.2156242
            ],
            [
              121.3889817,
              40.2193673
            ],
            [
              121.3930764,
              40.2228205
            ],
            [
              121.3975951,
              40.2259505
            ],
            [
              121.4024942,
              40.228727
            ],
            [
              121.4077265,
              40.2311232
            ],
            [
              121.4132417,
              40.2331162
            ],
            [
              121.4189864,
              40.2346865
            ],
            [
              121.4249053,
              40.2358192
            ],
            [
              121.4309413,
              40.2365032
            ],
            [
              121.4370361,
              40.2367319
            ]
          ]
        ]
      },
      "properties": {
        "section_id": 2,
        "section_name_zh": "二、老铁山水道至渤海北部船舶定线制",
        "feature_type": "precautionary_area",
        "feature_name": "2）2 号警戒区",
        "shape_type": "circle",
        "center_lat": 40.1892639,
        "center_lng": 121.4370361,
        "center_dms": "40°11′21.35″N, 121°26′13.33″E",
        "radius_nm": 2.85,
        "description": "2）2 号警戒区，为以 40°11′21.35″N，121°26′13.33″E 为圆心， 2.85 海里为半径的圆形水域。",
        "color": "#FF8C00",
        "section_name_en": "II. Ship's Routeing System from the Laotieshan Channel to the North of the Bohai Sea",
        "feature_type_en": "Precautionary Area",
        "feature_name_en": "Precautionary Area No. 2"
      }
    },
    {
      "type": "Feature",
      "geometry": {
        "type": "Point",
        "coordinates": [
          121.4370361,
          40.1892639
        ]
      },
      "properties": {
        "section_id": 2,
        "section_name_zh": "二、老铁山水道至渤海北部船舶定线制",
        "feature_type": "precautionary_center",
        "feature_name": "2）2 号警戒区 (Center)",
        "radius_nm": 2.85,
        "dms": "40°11′21.35″N, 121°26′13.33″E",
        "section_name_en": "II. Ship's Routeing System from the Laotieshan Channel to the North of the Bohai Sea",
        "feature_type_en": "Precautionary Area Center",
        "feature_name_en": "2）2 号警戒区 (Center) (Center Point)"
      }
    },
    {
      "type": "Feature",
      "geometry": {
        "type": "LineString",
        "coordinates": [
          [
            120.786325,
            38.6699917
          ],
          [
            120.7474222,
            38.8162444
          ]
        ]
      },
      "properties": {
        "section_id": 3,
        "section_name_zh": "三、老铁山水道至渤海西北部船舶定线制",
        "scheme_id": 1,
        "scheme_name_zh": "1）第 1 分道通航制 （1）分隔线（带）",
        "scheme_name_en": "Traffic Separation Scheme No. 1",
        "feature_type": "tss_separation_line",
        "feature_name": "1）第 1 分道通航制 （1）分隔线（带） - 分隔线",
        "description": "①第 1 分道通航制分隔线为以下两点连线：",
        "color": "#9400D3",
        "section_name_en": "III. Ship's Routeing System from the Laotieshan Channel to the Northwest of the Bohai Sea",
        "feature_type_en": "Separation Line",
        "feature_name_en": "Traffic Separation Scheme No. 1 - Separation Line"
      }
    },
    {
      "type": "Feature",
      "geometry": {
        "type": "Polygon",
        "coordinates": [
          [
            [
              120.7474222,
              38.8162444
            ],
            [
              120.7026694,
              38.9131667
            ],
            [
              120.5622639,
              39.0623722
            ],
            [
              120.5457611,
              39.0518694
            ],
            [
              120.6845361,
              38.9034528
            ],
            [
              120.7474222,
              38.8162444
            ]
          ]
        ]
      },
      "properties": {
        "section_id": 3,
        "section_name_zh": "三、老铁山水道至渤海西北部船舶定线制",
        "scheme_id": 1,
        "scheme_name_zh": "1）第 1 分道通航制 （1）分隔线（带）",
        "scheme_name_en": "Traffic Separation Scheme No. 1",
        "feature_type": "tss_separation_zone",
        "feature_name": "1）第 1 分道通航制 （1）分隔线（带） - 分隔带",
        "description": "②第 1 分道通航制分隔带由以下五点连线构成，分隔带宽度最大为 1 海里：",
        "color": "#800080",
        "section_name_en": "III. Ship's Routeing System from the Laotieshan Channel to the Northwest of the Bohai Sea",
        "feature_type_en": "Separation Zone",
        "feature_name_en": "Traffic Separation Scheme No. 1 - Separation Zone"
      }
    },
    {
      "type": "Feature",
      "geometry": {
        "type": "LineString",
        "coordinates": [
          [
            120.8076667,
            38.6813194
          ],
          [
            120.8076556,
            38.8340333
          ],
          [
            120.7492278,
            38.9335639
          ],
          [
            120.6192194,
            39.0943111
          ]
        ]
      },
      "properties": {
        "section_id": 3,
        "section_name_zh": "三、老铁山水道至渤海西北部船舶定线制",
        "scheme_id": 1,
        "scheme_name_zh": "1）第 1 分道通航制 （1）分隔线（带）",
        "scheme_name_en": "Traffic Separation Scheme No. 1",
        "feature_type": "tss_boundary",
        "boundary_type": "east",
        "feature_name": "1）第 1 分道通航制 （1）分隔线（带） - East Boundary",
        "description": "（2）边界线第 1 分道通航制东边界线为以下四点连线：",
        "color": "#1E90FF",
        "section_name_en": "III. Ship's Routeing System from the Laotieshan Channel to the Northwest of the Bohai Sea",
        "feature_type_en": "East Boundary Line",
        "feature_name_en": "Traffic Separation Scheme No. 1 - East Boundary Line"
      }
    },
    {
      "type": "Feature",
      "geometry": {
        "type": "LineString",
        "coordinates": [
          [
            120.7710417,
            38.6575556
          ],
          [
            120.637625,
            38.8832389
          ],
          [
            120.4897444,
            39.0203083
          ]
        ]
      },
      "properties": {
        "section_id": 3,
        "section_name_zh": "三、老铁山水道至渤海西北部船舶定线制",
        "scheme_id": 1,
        "scheme_name_zh": "1）第 1 分道通航制 （1）分隔线（带）",
        "scheme_name_en": "Traffic Separation Scheme No. 1",
        "feature_type": "tss_boundary",
        "boundary_type": "west",
        "feature_name": "1）第 1 分道通航制 （1）分隔线（带） - West Boundary",
        "description": "第 1 分道通航制西边界线为以下三点连线：",
        "color": "#1E90FF",
        "section_name_en": "III. Ship's Routeing System from the Laotieshan Channel to the Northwest of the Bohai Sea",
        "feature_type_en": "West Boundary Line",
        "feature_name_en": "Traffic Separation Scheme No. 1 - West Boundary Line"
      }
    },
    {
      "type": "Feature",
      "geometry": {
        "type": "Polygon",
        "coordinates": [
          [
            [
              120.4322361,
              39.1380417
            ],
            [
              120.4483056,
              39.1490972
            ],
            [
              120.2846417,
              39.3008111
            ],
            [
              120.2670778,
              39.2906472
            ],
            [
              120.4322361,
              39.1380417
            ]
          ]
        ]
      },
      "properties": {
        "section_id": 3,
        "section_name_zh": "三、老铁山水道至渤海西北部船舶定线制",
        "scheme_id": 2,
        "scheme_name_zh": "2）第 2 分道通航制 （1）分隔带 ①第 2 分道通航制分隔带由以下四点连线构成，分隔带宽度为 1 海里：",
        "scheme_name_en": "Traffic Separation Scheme No. 2",
        "feature_type": "tss_separation_zone",
        "feature_name": "2）第 2 分道通航制 （1）分隔带 ①第 2 分道通航制分隔带由以下四点连线构成，分隔带宽度为 1 海里： - 分隔带",
        "description": "2）第 2 分道通航制 （1）分隔带 ①第 2 分道通航制分隔带由以下四点连线构成，分隔带宽度为 1 海里：",
        "color": "#800080",
        "section_name_en": "III. Ship's Routeing System from the Laotieshan Channel to the Northwest of the Bohai Sea",
        "feature_type_en": "Separation Zone",
        "feature_name_en": "Traffic Separation Scheme No. 2 - Separation Zone"
      }
    },
    {
      "type": "Feature",
      "geometry": {
        "type": "Polygon",
        "coordinates": [
          [
            [
              120.2256028,
              39.3295444
            ],
            [
              120.2431639,
              39.3391222
            ],
            [
              120.081,
              39.4887194
            ],
            [
              120.0641806,
              39.4782583
            ],
            [
              120.2256028,
              39.3295444
            ]
          ]
        ]
      },
      "properties": {
        "section_id": 3,
        "section_name_zh": "三、老铁山水道至渤海西北部船舶定线制",
        "scheme_id": 2,
        "scheme_name_zh": "2）第 2 分道通航制 （1）分隔带 ①第 2 分道通航制分隔带由以下四点连线构成，分隔带宽度为 1 海里：",
        "scheme_name_en": "Traffic Separation Scheme No. 2",
        "feature_type": "tss_separation_zone",
        "feature_name": "2）第 2 分道通航制 （1）分隔带 ①第 2 分道通航制分隔带由以下四点连线构成，分隔带宽度为 1 海里： - 分隔带",
        "description": "②第 2 分道通航制分隔带由以下四点连线构成，分隔带宽度为 1 海里：",
        "color": "#800080",
        "section_name_en": "III. Ship's Routeing System from the Laotieshan Channel to the Northwest of the Bohai Sea",
        "feature_type_en": "Separation Zone",
        "feature_name_en": "Traffic Separation Scheme No. 2 - Separation Zone"
      }
    },
    {
      "type": "Feature",
      "geometry": {
        "type": "LineString",
        "coordinates": [
          [
            120.4889472,
            39.1763333
          ],
          [
            120.3275,
            39.3261667
          ]
        ]
      },
      "properties": {
        "section_id": 3,
        "section_name_zh": "三、老铁山水道至渤海西北部船舶定线制",
        "scheme_id": 2,
        "scheme_name_zh": "2）第 2 分道通航制 （1）分隔带 ①第 2 分道通航制分隔带由以下四点连线构成，分隔带宽度为 1 海里：",
        "scheme_name_en": "Traffic Separation Scheme No. 2",
        "feature_type": "tss_boundary",
        "boundary_type": "east",
        "feature_name": "2）第 2 分道通航制 （1）分隔带 ①第 2 分道通航制分隔带由以下四点连线构成，分隔带宽度为 1 海里： - East Boundary",
        "description": "（2）边界线 ①第 2 分道通航制东边界线为以下两点连线：",
        "color": "#1E90FF",
        "section_name_en": "III. Ship's Routeing System from the Laotieshan Channel to the Northwest of the Bohai Sea",
        "feature_type_en": "East Boundary Line",
        "feature_name_en": "Traffic Separation Scheme No. 2 - East Boundary Line"
      }
    },
    {
      "type": "Feature",
      "geometry": {
        "type": "LineString",
        "coordinates": [
          [
            120.3914083,
            39.1106889
          ],
          [
            120.2245,
            39.2656667
          ]
        ]
      },
      "properties": {
        "section_id": 3,
        "section_name_zh": "三、老铁山水道至渤海西北部船舶定线制",
        "scheme_id": 2,
        "scheme_name_zh": "2）第 2 分道通航制 （1）分隔带 ①第 2 分道通航制分隔带由以下四点连线构成，分隔带宽度为 1 海里：",
        "scheme_name_en": "Traffic Separation Scheme No. 2",
        "feature_type": "tss_boundary",
        "boundary_type": "west",
        "feature_name": "2）第 2 分道通航制 （1）分隔带 ①第 2 分道通航制分隔带由以下四点连线构成，分隔带宽度为 1 海里： - West Boundary",
        "description": "第 2 分道通航制西边界线为以下两点连线：",
        "color": "#1E90FF",
        "section_name_en": "III. Ship's Routeing System from the Laotieshan Channel to the Northwest of the Bohai Sea",
        "feature_type_en": "West Boundary Line",
        "feature_name_en": "Traffic Separation Scheme No. 2 - West Boundary Line"
      }
    },
    {
      "type": "Feature",
      "geometry": {
        "type": "LineString",
        "coordinates": [
          [
            120.286,
            39.3646667
          ],
          [
            120.1224111,
            39.5153028
          ]
        ]
      },
      "properties": {
        "section_id": 3,
        "section_name_zh": "三、老铁山水道至渤海西北部船舶定线制",
        "scheme_id": 2,
        "scheme_name_zh": "2）第 2 分道通航制 （1）分隔带 ①第 2 分道通航制分隔带由以下四点连线构成，分隔带宽度为 1 海里：",
        "scheme_name_en": "Traffic Separation Scheme No. 2",
        "feature_type": "tss_boundary",
        "boundary_type": "east",
        "feature_name": "2）第 2 分道通航制 （1）分隔带 ①第 2 分道通航制分隔带由以下四点连线构成，分隔带宽度为 1 海里： - East Boundary",
        "description": "②第 2 分道通航制东边界线为以下两点连线：",
        "color": "#1E90FF",
        "section_name_en": "III. Ship's Routeing System from the Laotieshan Channel to the Northwest of the Bohai Sea",
        "feature_type_en": "East Boundary Line",
        "feature_name_en": "Traffic Separation Scheme No. 2 - East Boundary Line"
      }
    },
    {
      "type": "Feature",
      "geometry": {
        "type": "LineString",
        "coordinates": [
          [
            120.183,
            39.304
          ],
          [
            120.023375,
            39.45135
          ]
        ]
      },
      "properties": {
        "section_id": 3,
        "section_name_zh": "三、老铁山水道至渤海西北部船舶定线制",
        "scheme_id": 2,
        "scheme_name_zh": "2）第 2 分道通航制 （1）分隔带 ①第 2 分道通航制分隔带由以下四点连线构成，分隔带宽度为 1 海里：",
        "scheme_name_en": "Traffic Separation Scheme No. 2",
        "feature_type": "tss_boundary",
        "boundary_type": "west",
        "feature_name": "2）第 2 分道通航制 （1）分隔带 ①第 2 分道通航制分隔带由以下四点连线构成，分隔带宽度为 1 海里： - West Boundary",
        "description": "第 2 分道通航制西边界线为以下两点连线：",
        "color": "#1E90FF",
        "section_name_en": "III. Ship's Routeing System from the Laotieshan Channel to the Northwest of the Bohai Sea",
        "feature_type_en": "West Boundary Line",
        "feature_name_en": "Traffic Separation Scheme No. 2 - West Boundary Line"
      }
    },
    {
      "type": "Feature",
      "geometry": {
        "type": "LineString",
        "coordinates": [
          [
            120.5126417,
            39.1913611
          ],
          [
            120.4388944,
            39.3124861
          ],
          [
            120.4180694,
            39.3721667
          ]
        ]
      },
      "properties": {
        "section_id": 3,
        "section_name_zh": "三、老铁山水道至渤海西北部船舶定线制",
        "scheme_id": 3,
        "scheme_name_zh": "3）第 3 分道通航制 （1）分隔线 ①第 3 分道通航制分隔线为以下三点连线：",
        "scheme_name_en": "Traffic Separation Scheme No. 3",
        "feature_type": "tss_separation_line",
        "feature_name": "3）第 3 分道通航制 （1）分隔线 ①第 3 分道通航制分隔线为以下三点连线： - 分隔线",
        "description": "3）第 3 分道通航制 （1）分隔线 ①第 3 分道通航制分隔线为以下三点连线：",
        "color": "#9400D3",
        "section_name_en": "III. Ship's Routeing System from the Laotieshan Channel to the Northwest of the Bohai Sea",
        "feature_type_en": "Separation Line",
        "feature_name_en": "Traffic Separation Scheme No. 3 - Separation Line"
      }
    },
    {
      "type": "Feature",
      "geometry": {
        "type": "LineString",
        "coordinates": [
          [
            120.4003833,
            39.4228694
          ],
          [
            120.3187889,
            39.6561583
          ]
        ]
      },
      "properties": {
        "section_id": 3,
        "section_name_zh": "三、老铁山水道至渤海西北部船舶定线制",
        "scheme_id": 3,
        "scheme_name_zh": "3）第 3 分道通航制 （1）分隔线 ①第 3 分道通航制分隔线为以下三点连线：",
        "scheme_name_en": "Traffic Separation Scheme No. 3",
        "feature_type": "tss_separation_line",
        "feature_name": "3）第 3 分道通航制 （1）分隔线 ①第 3 分道通航制分隔线为以下三点连线： - 分隔线",
        "description": "②第 3 分道通航制分隔线为以下两点连线：",
        "color": "#9400D3",
        "section_name_en": "III. Ship's Routeing System from the Laotieshan Channel to the Northwest of the Bohai Sea",
        "feature_type_en": "Separation Line",
        "feature_name_en": "Traffic Separation Scheme No. 3 - Separation Line"
      }
    },
    {
      "type": "Feature",
      "geometry": {
        "type": "LineString",
        "coordinates": [
          [
            120.3056639,
            39.6936167
          ],
          [
            120.2880389,
            39.7444
          ]
        ]
      },
      "properties": {
        "section_id": 3,
        "section_name_zh": "三、老铁山水道至渤海西北部船舶定线制",
        "scheme_id": 3,
        "scheme_name_zh": "3）第 3 分道通航制 （1）分隔线 ①第 3 分道通航制分隔线为以下三点连线：",
        "scheme_name_en": "Traffic Separation Scheme No. 3",
        "feature_type": "tss_separation_line",
        "feature_name": "3）第 3 分道通航制 （1）分隔线 ①第 3 分道通航制分隔线为以下三点连线： - 分隔线",
        "description": "③第 3 分道通航制分隔线为以下两点连线：",
        "color": "#9400D3",
        "section_name_en": "III. Ship's Routeing System from the Laotieshan Channel to the Northwest of the Bohai Sea",
        "feature_type_en": "Separation Line",
        "feature_name_en": "Traffic Separation Scheme No. 3 - Separation Line"
      }
    },
    {
      "type": "Feature",
      "geometry": {
        "type": "LineString",
        "coordinates": [
          [
            120.5392861,
            39.2101556
          ],
          [
            120.4691667,
            39.3213333
          ],
          [
            120.4478333,
            39.3825
          ]
        ]
      },
      "properties": {
        "section_id": 3,
        "section_name_zh": "三、老铁山水道至渤海西北部船舶定线制",
        "scheme_id": 3,
        "scheme_name_zh": "3）第 3 分道通航制 （1）分隔线 ①第 3 分道通航制分隔线为以下三点连线：",
        "scheme_name_en": "Traffic Separation Scheme No. 3",
        "feature_type": "tss_boundary",
        "boundary_type": "east",
        "feature_name": "3）第 3 分道通航制 （1）分隔线 ①第 3 分道通航制分隔线为以下三点连线： - East Boundary",
        "description": "（2）边界线 ①第 3 分道通航制东边界线为以下三点连线：",
        "color": "#1E90FF",
        "section_name_en": "III. Ship's Routeing System from the Laotieshan Channel to the Northwest of the Bohai Sea",
        "feature_type_en": "East Boundary Line",
        "feature_name_en": "Traffic Separation Scheme No. 3 - East Boundary Line"
      }
    },
    {
      "type": "Feature",
      "geometry": {
        "type": "LineString",
        "coordinates": [
          [
            120.4889472,
            39.1763333
          ],
          [
            120.4086667,
            39.3036667
          ],
          [
            120.3883333,
            39.3618333
          ]
        ]
      },
      "properties": {
        "section_id": 3,
        "section_name_zh": "三、老铁山水道至渤海西北部船舶定线制",
        "scheme_id": 3,
        "scheme_name_zh": "3）第 3 分道通航制 （1）分隔线 ①第 3 分道通航制分隔线为以下三点连线：",
        "scheme_name_en": "Traffic Separation Scheme No. 3",
        "feature_type": "tss_boundary",
        "boundary_type": "west",
        "feature_name": "3）第 3 分道通航制 （1）分隔线 ①第 3 分道通航制分隔线为以下三点连线： - West Boundary",
        "description": "第 3 分道通航制西边界线为以下三点连线：",
        "color": "#1E90FF",
        "section_name_en": "III. Ship's Routeing System from the Laotieshan Channel to the Northwest of the Bohai Sea",
        "feature_type_en": "West Boundary Line",
        "feature_name_en": "Traffic Separation Scheme No. 3 - West Boundary Line"
      }
    },
    {
      "type": "Feature",
      "geometry": {
        "type": "LineString",
        "coordinates": [
          [
            120.431,
            39.431
          ],
          [
            120.355,
            39.6483333
          ]
        ]
      },
      "properties": {
        "section_id": 3,
        "section_name_zh": "三、老铁山水道至渤海西北部船舶定线制",
        "scheme_id": 3,
        "scheme_name_zh": "3）第 3 分道通航制 （1）分隔线 ①第 3 分道通航制分隔线为以下三点连线：",
        "scheme_name_en": "Traffic Separation Scheme No. 3",
        "feature_type": "tss_boundary",
        "boundary_type": "east",
        "feature_name": "3）第 3 分道通航制 （1）分隔线 ①第 3 分道通航制分隔线为以下三点连线： - East Boundary",
        "description": "②第 3 分道通航制东边界线为以下两点连线：",
        "color": "#1E90FF",
        "section_name_en": "III. Ship's Routeing System from the Laotieshan Channel to the Northwest of the Bohai Sea",
        "feature_type_en": "East Boundary Line",
        "feature_name_en": "Traffic Separation Scheme No. 3 - East Boundary Line"
      }
    },
    {
      "type": "Feature",
      "geometry": {
        "type": "LineString",
        "coordinates": [
          [
            120.3698333,
            39.4146667
          ],
          [
            120.2825,
            39.664
          ]
        ]
      },
      "properties": {
        "section_id": 3,
        "section_name_zh": "三、老铁山水道至渤海西北部船舶定线制",
        "scheme_id": 3,
        "scheme_name_zh": "3）第 3 分道通航制 （1）分隔线 ①第 3 分道通航制分隔线为以下三点连线：",
        "scheme_name_en": "Traffic Separation Scheme No. 3",
        "feature_type": "tss_boundary",
        "boundary_type": "west",
        "feature_name": "3）第 3 分道通航制 （1）分隔线 ①第 3 分道通航制分隔线为以下三点连线： - West Boundary",
        "description": "第 3 分道通航制西边界线为以下两点连线：",
        "color": "#1E90FF",
        "section_name_en": "III. Ship's Routeing System from the Laotieshan Channel to the Northwest of the Bohai Sea",
        "feature_type_en": "West Boundary Line",
        "feature_name_en": "Traffic Separation Scheme No. 3 - West Boundary Line"
      }
    },
    {
      "type": "Feature",
      "geometry": {
        "type": "LineString",
        "coordinates": [
          [
            120.3418333,
            39.6858333
          ],
          [
            120.3225,
            39.7411667
          ]
        ]
      },
      "properties": {
        "section_id": 3,
        "section_name_zh": "三、老铁山水道至渤海西北部船舶定线制",
        "scheme_id": 3,
        "scheme_name_zh": "3）第 3 分道通航制 （1）分隔线 ①第 3 分道通航制分隔线为以下三点连线：",
        "scheme_name_en": "Traffic Separation Scheme No. 3",
        "feature_type": "tss_boundary",
        "boundary_type": "east",
        "feature_name": "3）第 3 分道通航制 （1）分隔线 ①第 3 分道通航制分隔线为以下三点连线： - East Boundary",
        "description": "③第 3 分道通航制东边界线为以下两点连线：",
        "color": "#1E90FF",
        "section_name_en": "III. Ship's Routeing System from the Laotieshan Channel to the Northwest of the Bohai Sea",
        "feature_type_en": "East Boundary Line",
        "feature_name_en": "Traffic Separation Scheme No. 3 - East Boundary Line"
      }
    },
    {
      "type": "Feature",
      "geometry": {
        "type": "LineString",
        "coordinates": [
          [
            120.2691833,
            39.7011333
          ],
          [
            120.2533333,
            39.7476667
          ]
        ]
      },
      "properties": {
        "section_id": 3,
        "section_name_zh": "三、老铁山水道至渤海西北部船舶定线制",
        "scheme_id": 3,
        "scheme_name_zh": "3）第 3 分道通航制 （1）分隔线 ①第 3 分道通航制分隔线为以下三点连线：",
        "scheme_name_en": "Traffic Separation Scheme No. 3",
        "feature_type": "tss_boundary",
        "boundary_type": "west",
        "feature_name": "3）第 3 分道通航制 （1）分隔线 ①第 3 分道通航制分隔线为以下三点连线： - West Boundary",
        "description": "第 3 分道通航制西边界线为以下两点连线：",
        "color": "#1E90FF",
        "section_name_en": "III. Ship's Routeing System from the Laotieshan Channel to the Northwest of the Bohai Sea",
        "feature_type_en": "West Boundary Line",
        "feature_name_en": "Traffic Separation Scheme No. 3 - West Boundary Line"
      }
    },
    {
      "type": "Feature",
      "geometry": {
        "type": "LineString",
        "coordinates": [
          [
            120.2727778,
            39.7872889
          ],
          [
            120.2425028,
            39.872775
          ]
        ]
      },
      "properties": {
        "section_id": 3,
        "section_name_zh": "三、老铁山水道至渤海西北部船舶定线制",
        "scheme_id": 4,
        "scheme_name_zh": "4）第 4 分道通航制 （1）分隔线第 4 分道通航制的分隔线为以下两点连线：",
        "scheme_name_en": "Traffic Separation Scheme No. 4",
        "feature_type": "tss_separation_line",
        "feature_name": "4）第 4 分道通航制 （1）分隔线第 4 分道通航制的分隔线为以下两点连线： - 分隔线",
        "description": "4）第 4 分道通航制 （1）分隔线第 4 分道通航制的分隔线为以下两点连线：",
        "color": "#9400D3",
        "section_name_en": "III. Ship's Routeing System from the Laotieshan Channel to the Northwest of the Bohai Sea",
        "feature_type_en": "Separation Line",
        "feature_name_en": "Traffic Separation Scheme No. 4 - Separation Line"
      }
    },
    {
      "type": "Feature",
      "geometry": {
        "type": "LineString",
        "coordinates": [
          [
            120.2831778,
            39.7895056
          ],
          [
            120.2532417,
            39.8749306
          ]
        ]
      },
      "properties": {
        "section_id": 3,
        "section_name_zh": "三、老铁山水道至渤海西北部船舶定线制",
        "scheme_id": 4,
        "scheme_name_zh": "4）第 4 分道通航制 （1）分隔线第 4 分道通航制的分隔线为以下两点连线：",
        "scheme_name_en": "Traffic Separation Scheme No. 4",
        "feature_type": "tss_boundary",
        "boundary_type": "east",
        "feature_name": "4）第 4 分道通航制 （1）分隔线第 4 分道通航制的分隔线为以下两点连线： - East Boundary",
        "description": "（2）边界线第 4 分道通航制东边界线为以下两点连线：",
        "color": "#1E90FF",
        "section_name_en": "III. Ship's Routeing System from the Laotieshan Channel to the Northwest of the Bohai Sea",
        "feature_type_en": "East Boundary Line",
        "feature_name_en": "Traffic Separation Scheme No. 4 - East Boundary Line"
      }
    },
    {
      "type": "Feature",
      "geometry": {
        "type": "LineString",
        "coordinates": [
          [
            120.2621889,
            39.7852583
          ],
          [
            120.2319083,
            39.8706889
          ]
        ]
      },
      "properties": {
        "section_id": 3,
        "section_name_zh": "三、老铁山水道至渤海西北部船舶定线制",
        "scheme_id": 4,
        "scheme_name_zh": "4）第 4 分道通航制 （1）分隔线第 4 分道通航制的分隔线为以下两点连线：",
        "scheme_name_en": "Traffic Separation Scheme No. 4",
        "feature_type": "tss_boundary",
        "boundary_type": "west",
        "feature_name": "4）第 4 分道通航制 （1）分隔线第 4 分道通航制的分隔线为以下两点连线： - West Boundary",
        "description": "第 4 分道通航制西边界线为以下两点连线：",
        "color": "#1E90FF",
        "section_name_en": "III. Ship's Routeing System from the Laotieshan Channel to the Northwest of the Bohai Sea",
        "feature_type_en": "West Boundary Line",
        "feature_name_en": "Traffic Separation Scheme No. 4 - West Boundary Line"
      }
    },
    {
      "type": "Feature",
      "geometry": {
        "type": "LineString",
        "coordinates": [
          [
            120.3344583,
            39.7555944
          ],
          [
            120.5257639,
            39.6647028
          ]
        ]
      },
      "properties": {
        "section_id": 3,
        "section_name_zh": "三、老铁山水道至渤海西北部船舶定线制",
        "scheme_id": 5,
        "scheme_name_zh": "5）第 5 分道通航制 （1）分隔线第 5 分道通航制的分隔线为以下两点连线：",
        "scheme_name_en": "Traffic Separation Scheme No. 5",
        "feature_type": "tss_separation_line",
        "feature_name": "5）第 5 分道通航制 （1）分隔线第 5 分道通航制的分隔线为以下两点连线： - 分隔线",
        "description": "5）第 5 分道通航制 （1）分隔线第 5 分道通航制的分隔线为以下两点连线：",
        "color": "#9400D3",
        "section_name_en": "III. Ship's Routeing System from the Laotieshan Channel to the Northwest of the Bohai Sea",
        "feature_type_en": "Separation Line",
        "feature_name_en": "Traffic Separation Scheme No. 5 - Separation Line"
      }
    },
    {
      "type": "Feature",
      "geometry": {
        "type": "LineString",
        "coordinates": [
          [
            120.3454722,
            39.7699111
          ],
          [
            120.5362,
            39.6790389
          ]
        ]
      },
      "properties": {
        "section_id": 3,
        "section_name_zh": "三、老铁山水道至渤海西北部船舶定线制",
        "scheme_id": 5,
        "scheme_name_zh": "5）第 5 分道通航制 （1）分隔线第 5 分道通航制的分隔线为以下两点连线：",
        "scheme_name_en": "Traffic Separation Scheme No. 5",
        "feature_type": "tss_boundary",
        "boundary_type": "north",
        "feature_name": "5）第 5 分道通航制 （1）分隔线第 5 分道通航制的分隔线为以下两点连线： - North Boundary",
        "description": "（2）边界线第 5 分道通航制北边界线为以下两点连线：",
        "color": "#1E90FF",
        "section_name_en": "III. Ship's Routeing System from the Laotieshan Channel to the Northwest of the Bohai Sea",
        "feature_type_en": "North Boundary Line",
        "feature_name_en": "Traffic Separation Scheme No. 5 - North Boundary Line"
      }
    },
    {
      "type": "Feature",
      "geometry": {
        "type": "LineString",
        "coordinates": [
          [
            120.3225,
            39.7411667
          ],
          [
            120.5138333,
            39.6508333
          ]
        ]
      },
      "properties": {
        "section_id": 3,
        "section_name_zh": "三、老铁山水道至渤海西北部船舶定线制",
        "scheme_id": 5,
        "scheme_name_zh": "5）第 5 分道通航制 （1）分隔线第 5 分道通航制的分隔线为以下两点连线：",
        "scheme_name_en": "Traffic Separation Scheme No. 5",
        "feature_type": "tss_boundary",
        "boundary_type": "south",
        "feature_name": "5）第 5 分道通航制 （1）分隔线第 5 分道通航制的分隔线为以下两点连线： - South Boundary",
        "description": "第 5 分道通航制南边界线为以下两点连线：",
        "color": "#1E90FF",
        "section_name_en": "III. Ship's Routeing System from the Laotieshan Channel to the Northwest of the Bohai Sea",
        "feature_type_en": "South Boundary Line",
        "feature_name_en": "Traffic Separation Scheme No. 5 - South Boundary Line"
      }
    },
    {
      "type": "Feature",
      "geometry": {
        "type": "LineString",
        "coordinates": [
          [
            119.9999917,
            39.7416667
          ],
          [
            120.2759111,
            39.6826583
          ]
        ]
      },
      "properties": {
        "section_id": 3,
        "section_name_zh": "三、老铁山水道至渤海西北部船舶定线制",
        "scheme_id": 6,
        "scheme_name_zh": "6）第 6 分道通航制 （1）分隔线 ①第 6 分道通航制分隔线为以下两点连线：",
        "scheme_name_en": "Traffic Separation Scheme No. 6",
        "feature_type": "tss_separation_line",
        "feature_name": "6）第 6 分道通航制 （1）分隔线 ①第 6 分道通航制分隔线为以下两点连线： - 分隔线",
        "description": "6）第 6 分道通航制 （1）分隔线 ①第 6 分道通航制分隔线为以下两点连线：",
        "color": "#9400D3",
        "section_name_en": "III. Ship's Routeing System from the Laotieshan Channel to the Northwest of the Bohai Sea",
        "feature_type_en": "Separation Line",
        "feature_name_en": "Traffic Separation Scheme No. 6 - Separation Line"
      }
    },
    {
      "type": "Feature",
      "geometry": {
        "type": "LineString",
        "coordinates": [
          [
            120.3484694,
            39.6671333
          ],
          [
            120.5071889,
            39.6329694
          ]
        ]
      },
      "properties": {
        "section_id": 3,
        "section_name_zh": "三、老铁山水道至渤海西北部船舶定线制",
        "scheme_id": 6,
        "scheme_name_zh": "6）第 6 分道通航制 （1）分隔线 ①第 6 分道通航制分隔线为以下两点连线：",
        "scheme_name_en": "Traffic Separation Scheme No. 6",
        "feature_type": "tss_separation_line",
        "feature_name": "6）第 6 分道通航制 （1）分隔线 ①第 6 分道通航制分隔线为以下两点连线： - 分隔线",
        "description": "②第 6 分道通航制分隔线为以下两点连线：",
        "color": "#9400D3",
        "section_name_en": "III. Ship's Routeing System from the Laotieshan Channel to the Northwest of the Bohai Sea",
        "feature_type_en": "Separation Line",
        "feature_name_en": "Traffic Separation Scheme No. 6 - Separation Line"
      }
    },
    {
      "type": "Feature",
      "geometry": {
        "type": "LineString",
        "coordinates": [
          [
            120.0056667,
            39.7576667
          ],
          [
            120.2691833,
            39.7011333
          ]
        ]
      },
      "properties": {
        "section_id": 3,
        "section_name_zh": "三、老铁山水道至渤海西北部船舶定线制",
        "scheme_id": 6,
        "scheme_name_zh": "6）第 6 分道通航制 （1）分隔线 ①第 6 分道通航制分隔线为以下两点连线：",
        "scheme_name_en": "Traffic Separation Scheme No. 6",
        "feature_type": "tss_boundary",
        "boundary_type": "north",
        "feature_name": "6）第 6 分道通航制 （1）分隔线 ①第 6 分道通航制分隔线为以下两点连线： - North Boundary",
        "description": "（2）边界线 ①第 6 分道通航制北边界线为以下两点连线：",
        "color": "#1E90FF",
        "section_name_en": "III. Ship's Routeing System from the Laotieshan Channel to the Northwest of the Bohai Sea",
        "feature_type_en": "North Boundary Line",
        "feature_name_en": "Traffic Separation Scheme No. 6 - North Boundary Line"
      }
    },
    {
      "type": "Feature",
      "geometry": {
        "type": "LineString",
        "coordinates": [
          [
            119.9941667,
            39.7256667
          ],
          [
            120.2825,
            39.664
          ]
        ]
      },
      "properties": {
        "section_id": 3,
        "section_name_zh": "三、老铁山水道至渤海西北部船舶定线制",
        "scheme_id": 6,
        "scheme_name_zh": "6）第 6 分道通航制 （1）分隔线 ①第 6 分道通航制分隔线为以下两点连线：",
        "scheme_name_en": "Traffic Separation Scheme No. 6",
        "feature_type": "tss_boundary",
        "boundary_type": "south",
        "feature_name": "6）第 6 分道通航制 （1）分隔线 ①第 6 分道通航制分隔线为以下两点连线： - South Boundary",
        "description": "第 6 分道通航制南边界线为以下两点连线：",
        "color": "#1E90FF",
        "section_name_en": "III. Ship's Routeing System from the Laotieshan Channel to the Northwest of the Bohai Sea",
        "feature_type_en": "South Boundary Line",
        "feature_name_en": "Traffic Separation Scheme No. 6 - South Boundary Line"
      }
    },
    {
      "type": "Feature",
      "geometry": {
        "type": "LineString",
        "coordinates": [
          [
            120.3418333,
            39.6858333
          ],
          [
            120.5138333,
            39.6508333
          ]
        ]
      },
      "properties": {
        "section_id": 3,
        "section_name_zh": "三、老铁山水道至渤海西北部船舶定线制",
        "scheme_id": 6,
        "scheme_name_zh": "6）第 6 分道通航制 （1）分隔线 ①第 6 分道通航制分隔线为以下两点连线：",
        "scheme_name_en": "Traffic Separation Scheme No. 6",
        "feature_type": "tss_boundary",
        "boundary_type": "north",
        "feature_name": "6）第 6 分道通航制 （1）分隔线 ①第 6 分道通航制分隔线为以下两点连线： - North Boundary",
        "description": "②第 6 分道通航制北边界线为以下两点连线：",
        "color": "#1E90FF",
        "section_name_en": "III. Ship's Routeing System from the Laotieshan Channel to the Northwest of the Bohai Sea",
        "feature_type_en": "North Boundary Line",
        "feature_name_en": "Traffic Separation Scheme No. 6 - North Boundary Line"
      }
    },
    {
      "type": "Feature",
      "geometry": {
        "type": "LineString",
        "coordinates": [
          [
            120.355,
            39.6483333
          ],
          [
            120.5013389,
            39.6172694
          ]
        ]
      },
      "properties": {
        "section_id": 3,
        "section_name_zh": "三、老铁山水道至渤海西北部船舶定线制",
        "scheme_id": 6,
        "scheme_name_zh": "6）第 6 分道通航制 （1）分隔线 ①第 6 分道通航制分隔线为以下两点连线：",
        "scheme_name_en": "Traffic Separation Scheme No. 6",
        "feature_type": "tss_boundary",
        "boundary_type": "south",
        "feature_name": "6）第 6 分道通航制 （1）分隔线 ①第 6 分道通航制分隔线为以下两点连线： - South Boundary",
        "description": "第 6 分道通航制南边界线为以下两点连线：",
        "color": "#1E90FF",
        "section_name_en": "III. Ship's Routeing System from the Laotieshan Channel to the Northwest of the Bohai Sea",
        "feature_type_en": "South Boundary Line",
        "feature_name_en": "Traffic Separation Scheme No. 6 - South Boundary Line"
      }
    },
    {
      "type": "Feature",
      "geometry": {
        "type": "LineString",
        "coordinates": [
          [
            120.5553639,
            39.6356306
          ],
          [
            120.6618778,
            39.6001611
          ],
          [
            120.7858667,
            39.5411833
          ]
        ]
      },
      "properties": {
        "section_id": 3,
        "section_name_zh": "三、老铁山水道至渤海西北部船舶定线制",
        "scheme_id": 7,
        "scheme_name_zh": "7）第 7 分道通航制 （1）分隔线第 7 分道通航制的分隔线为以下三点连线：",
        "scheme_name_en": "Traffic Separation Scheme No. 7",
        "feature_type": "tss_separation_line",
        "feature_name": "7）第 7 分道通航制 （1）分隔线第 7 分道通航制的分隔线为以下三点连线： - 分隔线",
        "description": "7）第 7 分道通航制 （1）分隔线第 7 分道通航制的分隔线为以下三点连线：",
        "color": "#9400D3",
        "section_name_en": "III. Ship's Routeing System from the Laotieshan Channel to the Northwest of the Bohai Sea",
        "feature_type_en": "Separation Line",
        "feature_name_en": "Traffic Separation Scheme No. 7 - Separation Line"
      }
    },
    {
      "type": "Feature",
      "geometry": {
        "type": "LineString",
        "coordinates": [
          [
            120.5712222,
            39.6624444
          ],
          [
            120.6747222,
            39.6233333
          ],
          [
            120.8046556,
            39.56215
          ]
        ]
      },
      "properties": {
        "section_id": 3,
        "section_name_zh": "三、老铁山水道至渤海西北部船舶定线制",
        "scheme_id": 7,
        "scheme_name_zh": "7）第 7 分道通航制 （1）分隔线第 7 分道通航制的分隔线为以下三点连线：",
        "scheme_name_en": "Traffic Separation Scheme No. 7",
        "feature_type": "tss_boundary",
        "boundary_type": "north",
        "feature_name": "7）第 7 分道通航制 （1）分隔线第 7 分道通航制的分隔线为以下三点连线： - North Boundary",
        "description": "（2）边界线第 7 分道通航制北边界线为以下三点连线：",
        "color": "#1E90FF",
        "section_name_en": "III. Ship's Routeing System from the Laotieshan Channel to the Northwest of the Bohai Sea",
        "feature_type_en": "North Boundary Line",
        "feature_name_en": "Traffic Separation Scheme No. 7 - North Boundary Line"
      }
    },
    {
      "type": "Feature",
      "geometry": {
        "type": "LineString",
        "coordinates": [
          [
            120.5391111,
            39.6088528
          ],
          [
            120.6488333,
            39.5769889
          ],
          [
            120.7675,
            39.5205556
          ]
        ]
      },
      "properties": {
        "section_id": 3,
        "section_name_zh": "三、老铁山水道至渤海西北部船舶定线制",
        "scheme_id": 7,
        "scheme_name_zh": "7）第 7 分道通航制 （1）分隔线第 7 分道通航制的分隔线为以下三点连线：",
        "scheme_name_en": "Traffic Separation Scheme No. 7",
        "feature_type": "tss_boundary",
        "boundary_type": "south",
        "feature_name": "7）第 7 分道通航制 （1）分隔线第 7 分道通航制的分隔线为以下三点连线： - South Boundary",
        "description": "第 7 分道通航制南边界线为以下三点连线：",
        "color": "#1E90FF",
        "section_name_en": "III. Ship's Routeing System from the Laotieshan Channel to the Northwest of the Bohai Sea",
        "feature_type_en": "South Boundary Line",
        "feature_name_en": "Traffic Separation Scheme No. 7 - South Boundary Line"
      }
    },
    {
      "type": "Feature",
      "geometry": {
        "type": "LineString",
        "coordinates": [
          [
            120.1363889,
            39.2452778
          ],
          [
            120.20375,
            39.2848611
          ]
        ]
      },
      "properties": {
        "section_id": 3,
        "section_name_zh": "三、老铁山水道至渤海西北部船舶定线制",
        "scheme_id": 8,
        "scheme_name_zh": "8）第 8 分道通航制 （1）分隔线 ①第 8 分道通航制分隔线为以下两点连线：",
        "scheme_name_en": "Traffic Separation Scheme No. 8",
        "feature_type": "tss_separation_line",
        "feature_name": "8）第 8 分道通航制 （1）分隔线 ①第 8 分道通航制分隔线为以下两点连线： - 分隔线",
        "description": "8）第 8 分道通航制 （1）分隔线 ①第 8 分道通航制分隔线为以下两点连线：",
        "color": "#9400D3",
        "section_name_en": "III. Ship's Routeing System from the Laotieshan Channel to the Northwest of the Bohai Sea",
        "feature_type_en": "Separation Line",
        "feature_name_en": "Traffic Separation Scheme No. 8 - Separation Line"
      }
    },
    {
      "type": "Feature",
      "geometry": {
        "type": "LineString",
        "coordinates": [
          [
            120.3066444,
            39.3451667
          ],
          [
            120.37915,
            39.3878222
          ]
        ]
      },
      "properties": {
        "section_id": 3,
        "section_name_zh": "三、老铁山水道至渤海西北部船舶定线制",
        "scheme_id": 8,
        "scheme_name_zh": "8）第 8 分道通航制 （1）分隔线 ①第 8 分道通航制分隔线为以下两点连线：",
        "scheme_name_en": "Traffic Separation Scheme No. 8",
        "feature_type": "tss_separation_line",
        "feature_name": "8）第 8 分道通航制 （1）分隔线 ①第 8 分道通航制分隔线为以下两点连线： - 分隔线",
        "description": "②第 8 分道通航制分隔线为以下两点连线：",
        "color": "#9400D3",
        "section_name_en": "III. Ship's Routeing System from the Laotieshan Channel to the Northwest of the Bohai Sea",
        "feature_type_en": "Separation Line",
        "feature_name_en": "Traffic Separation Scheme No. 8 - Separation Line"
      }
    },
    {
      "type": "Feature",
      "geometry": {
        "type": "LineString",
        "coordinates": [
          [
            120.4394083,
            39.4067389
          ],
          [
            120.7763111,
            39.4968
          ]
        ]
      },
      "properties": {
        "section_id": 3,
        "section_name_zh": "三、老铁山水道至渤海西北部船舶定线制",
        "scheme_id": 8,
        "scheme_name_zh": "8）第 8 分道通航制 （1）分隔线 ①第 8 分道通航制分隔线为以下两点连线：",
        "scheme_name_en": "Traffic Separation Scheme No. 8",
        "feature_type": "tss_separation_line",
        "feature_name": "8）第 8 分道通航制 （1）分隔线 ①第 8 分道通航制分隔线为以下两点连线： - 分隔线",
        "description": "③第 8 分道通航制分隔线为以下两点连线：",
        "color": "#9400D3",
        "section_name_en": "III. Ship's Routeing System from the Laotieshan Channel to the Northwest of the Bohai Sea",
        "feature_type_en": "Separation Line",
        "feature_name_en": "Traffic Separation Scheme No. 8 - Separation Line"
      }
    },
    {
      "type": "Feature",
      "geometry": {
        "type": "LineString",
        "coordinates": [
          [
            120.1145,
            39.2638333
          ],
          [
            120.183,
            39.304
          ]
        ]
      },
      "properties": {
        "section_id": 3,
        "section_name_zh": "三、老铁山水道至渤海西北部船舶定线制",
        "scheme_id": 8,
        "scheme_name_zh": "8）第 8 分道通航制 （1）分隔线 ①第 8 分道通航制分隔线为以下两点连线：",
        "scheme_name_en": "Traffic Separation Scheme No. 8",
        "feature_type": "tss_boundary",
        "boundary_type": "north",
        "feature_name": "8）第 8 分道通航制 （1）分隔线 ①第 8 分道通航制分隔线为以下两点连线： - North Boundary",
        "description": "（2）边界线 ①第 8 分道通航制北边界线为以下两点连线：",
        "color": "#1E90FF",
        "section_name_en": "III. Ship's Routeing System from the Laotieshan Channel to the Northwest of the Bohai Sea",
        "feature_type_en": "North Boundary Line",
        "feature_name_en": "Traffic Separation Scheme No. 8 - North Boundary Line"
      }
    },
    {
      "type": "Feature",
      "geometry": {
        "type": "LineString",
        "coordinates": [
          [
            120.1543333,
            39.2245
          ],
          [
            120.2245,
            39.2656667
          ]
        ]
      },
      "properties": {
        "section_id": 3,
        "section_name_zh": "三、老铁山水道至渤海西北部船舶定线制",
        "scheme_id": 8,
        "scheme_name_zh": "8）第 8 分道通航制 （1）分隔线 ①第 8 分道通航制分隔线为以下两点连线：",
        "scheme_name_en": "Traffic Separation Scheme No. 8",
        "feature_type": "tss_boundary",
        "boundary_type": "south",
        "feature_name": "8）第 8 分道通航制 （1）分隔线 ①第 8 分道通航制分隔线为以下两点连线： - South Boundary",
        "description": "第 8 分道通航制南边界线为以下两点连线：",
        "color": "#1E90FF",
        "section_name_en": "III. Ship's Routeing System from the Laotieshan Channel to the Northwest of the Bohai Sea",
        "feature_type_en": "South Boundary Line",
        "feature_name_en": "Traffic Separation Scheme No. 8 - South Boundary Line"
      }
    },
    {
      "type": "Feature",
      "geometry": {
        "type": "LineString",
        "coordinates": [
          [
            120.286,
            39.3646667
          ],
          [
            120.3698333,
            39.4146667
          ]
        ]
      },
      "properties": {
        "section_id": 3,
        "section_name_zh": "三、老铁山水道至渤海西北部船舶定线制",
        "scheme_id": 8,
        "scheme_name_zh": "8）第 8 分道通航制 （1）分隔线 ①第 8 分道通航制分隔线为以下两点连线：",
        "scheme_name_en": "Traffic Separation Scheme No. 8",
        "feature_type": "tss_boundary",
        "boundary_type": "north",
        "feature_name": "8）第 8 分道通航制 （1）分隔线 ①第 8 分道通航制分隔线为以下两点连线： - North Boundary",
        "description": "②第 8 分道通航制北边界线为以下两点连线：",
        "color": "#1E90FF",
        "section_name_en": "III. Ship's Routeing System from the Laotieshan Channel to the Northwest of the Bohai Sea",
        "feature_type_en": "North Boundary Line",
        "feature_name_en": "Traffic Separation Scheme No. 8 - North Boundary Line"
      }
    },
    {
      "type": "Feature",
      "geometry": {
        "type": "LineString",
        "coordinates": [
          [
            120.3275,
            39.3261667
          ],
          [
            120.3883333,
            39.3618333
          ]
        ]
      },
      "properties": {
        "section_id": 3,
        "section_name_zh": "三、老铁山水道至渤海西北部船舶定线制",
        "scheme_id": 8,
        "scheme_name_zh": "8）第 8 分道通航制 （1）分隔线 ①第 8 分道通航制分隔线为以下两点连线：",
        "scheme_name_en": "Traffic Separation Scheme No. 8",
        "feature_type": "tss_boundary",
        "boundary_type": "south",
        "feature_name": "8）第 8 分道通航制 （1）分隔线 ①第 8 分道通航制分隔线为以下两点连线： - South Boundary",
        "description": "第 8 分道通航制南边界线为以下两点连线：",
        "color": "#1E90FF",
        "section_name_en": "III. Ship's Routeing System from the Laotieshan Channel to the Northwest of the Bohai Sea",
        "feature_type_en": "South Boundary Line",
        "feature_name_en": "Traffic Separation Scheme No. 8 - South Boundary Line"
      }
    },
    {
      "type": "Feature",
      "geometry": {
        "type": "LineString",
        "coordinates": [
          [
            120.431,
            39.431
          ],
          [
            120.7675,
            39.5205556
          ]
        ]
      },
      "properties": {
        "section_id": 3,
        "section_name_zh": "三、老铁山水道至渤海西北部船舶定线制",
        "scheme_id": 8,
        "scheme_name_zh": "8）第 8 分道通航制 （1）分隔线 ①第 8 分道通航制分隔线为以下两点连线：",
        "scheme_name_en": "Traffic Separation Scheme No. 8",
        "feature_type": "tss_boundary",
        "boundary_type": "north",
        "feature_name": "8）第 8 分道通航制 （1）分隔线 ①第 8 分道通航制分隔线为以下两点连线： - North Boundary",
        "description": "③第 8 分道通航制北边界线为以下两点连线：",
        "color": "#1E90FF",
        "section_name_en": "III. Ship's Routeing System from the Laotieshan Channel to the Northwest of the Bohai Sea",
        "feature_type_en": "North Boundary Line",
        "feature_name_en": "Traffic Separation Scheme No. 8 - North Boundary Line"
      }
    },
    {
      "type": "Feature",
      "geometry": {
        "type": "LineString",
        "coordinates": [
          [
            120.4478333,
            39.3825
          ],
          [
            120.7852667,
            39.4724028
          ]
        ]
      },
      "properties": {
        "section_id": 3,
        "section_name_zh": "三、老铁山水道至渤海西北部船舶定线制",
        "scheme_id": 8,
        "scheme_name_zh": "8）第 8 分道通航制 （1）分隔线 ①第 8 分道通航制分隔线为以下两点连线：",
        "scheme_name_en": "Traffic Separation Scheme No. 8",
        "feature_type": "tss_boundary",
        "boundary_type": "south",
        "feature_name": "8）第 8 分道通航制 （1）分隔线 ①第 8 分道通航制分隔线为以下两点连线： - South Boundary",
        "description": "第 8 分道通航制南边界线为以下两点连线：",
        "color": "#1E90FF",
        "section_name_en": "III. Ship's Routeing System from the Laotieshan Channel to the Northwest of the Bohai Sea",
        "feature_type_en": "South Boundary Line",
        "feature_name_en": "Traffic Separation Scheme No. 8 - South Boundary Line"
      }
    },
    {
      "type": "Feature",
      "geometry": {
        "type": "LineString",
        "coordinates": [
          [
            120.76125,
            38.6464833
          ],
          [
            120.4932333,
            38.7104333
          ],
          [
            120.2606333,
            38.7769889
          ]
        ]
      },
      "properties": {
        "section_id": 3,
        "section_name_zh": "三、老铁山水道至渤海西北部船舶定线制",
        "scheme_id": 9,
        "scheme_name_zh": "9）第 9 分道通航制 （1）分隔线第 9 分道通航制的分隔线为以下三点连线：",
        "scheme_name_en": "Traffic Separation Scheme No. 9",
        "feature_type": "tss_separation_line",
        "feature_name": "9）第 9 分道通航制 （1）分隔线第 9 分道通航制的分隔线为以下三点连线： - 分隔线",
        "description": "9）第 9 分道通航制 （1）分隔线第 9 分道通航制的分隔线为以下三点连线：",
        "color": "#9400D3",
        "section_name_en": "III. Ship's Routeing System from the Laotieshan Channel to the Northwest of the Bohai Sea",
        "feature_type_en": "Separation Line",
        "feature_name_en": "Traffic Separation Scheme No. 9 - Separation Line"
      }
    },
    {
      "type": "Feature",
      "geometry": {
        "type": "LineString",
        "coordinates": [
          [
            120.7710417,
            38.6575556
          ],
          [
            120.2528611,
            38.8058333
          ]
        ]
      },
      "properties": {
        "section_id": 3,
        "section_name_zh": "三、老铁山水道至渤海西北部船舶定线制",
        "scheme_id": 9,
        "scheme_name_zh": "9）第 9 分道通航制 （1）分隔线第 9 分道通航制的分隔线为以下三点连线：",
        "scheme_name_en": "Traffic Separation Scheme No. 9",
        "feature_type": "tss_boundary",
        "boundary_type": "north",
        "feature_name": "9）第 9 分道通航制 （1）分隔线第 9 分道通航制的分隔线为以下三点连线： - North Boundary",
        "description": "（2）边界线第 9 分道通航制北边界线为以下两点连线：",
        "color": "#1E90FF",
        "section_name_en": "III. Ship's Routeing System from the Laotieshan Channel to the Northwest of the Bohai Sea",
        "feature_type_en": "North Boundary Line",
        "feature_name_en": "Traffic Separation Scheme No. 9 - North Boundary Line"
      }
    },
    {
      "type": "Feature",
      "geometry": {
        "type": "LineString",
        "coordinates": [
          [
            120.755225,
            38.6342889
          ],
          [
            120.4820833,
            38.6870556
          ],
          [
            120.2682139,
            38.7483333
          ]
        ]
      },
      "properties": {
        "section_id": 3,
        "section_name_zh": "三、老铁山水道至渤海西北部船舶定线制",
        "scheme_id": 9,
        "scheme_name_zh": "9）第 9 分道通航制 （1）分隔线第 9 分道通航制的分隔线为以下三点连线：",
        "scheme_name_en": "Traffic Separation Scheme No. 9",
        "feature_type": "tss_boundary",
        "boundary_type": "south",
        "feature_name": "9）第 9 分道通航制 （1）分隔线第 9 分道通航制的分隔线为以下三点连线： - South Boundary",
        "description": "第 9 分道通航制南边界线为以下三点连线：",
        "color": "#1E90FF",
        "section_name_en": "III. Ship's Routeing System from the Laotieshan Channel to the Northwest of the Bohai Sea",
        "feature_type_en": "South Boundary Line",
        "feature_name_en": "Traffic Separation Scheme No. 9 - South Boundary Line"
      }
    },
    {
      "type": "Feature",
      "geometry": {
        "type": "Polygon",
        "coordinates": [
          [
            [
              120.4897444,
              39.0203083
            ],
            [
              120.6192194,
              39.0943111
            ],
            [
              120.5392861,
              39.2101556
            ],
            [
              120.3914083,
              39.1106889
            ],
            [
              120.4897444,
              39.0203083
            ]
          ]
        ]
      },
      "properties": {
        "section_id": 3,
        "section_name_zh": "三、老铁山水道至渤海西北部船舶定线制",
        "feature_type": "precautionary_area",
        "feature_name": "警戒区",
        "shape_type": "polygon",
        "description": "警戒区为多点构成的不规则的几何图形，为以下四点连线构成的水域：\n39°01′13.11″N，120°29′23.08″E；\n39°05′39.52″N，120°37′09.19″E；\n39°12′36.56″N，120°32′21.43″E；\n39°06′38.48″N，120°23′29.07″E。",
        "color": "#FF8C00",
        "section_name_en": "III. Ship's Routeing System from the Laotieshan Channel to the Northwest of the Bohai Sea",
        "feature_type_en": "Precautionary Area",
        "feature_name_en": "Precautionary Area"
      }
    },
    {
      "type": "Feature",
      "geometry": {
        "type": "Polygon",
        "coordinates": [
          [
            [
              120.2245,
              39.2656667
            ],
            [
              120.3275,
              39.3261667
            ],
            [
              120.286,
              39.3646667
            ],
            [
              120.183,
              39.304
            ],
            [
              120.2245,
              39.2656667
            ]
          ]
        ]
      },
      "properties": {
        "section_id": 3,
        "section_name_zh": "三、老铁山水道至渤海西北部船舶定线制",
        "feature_type": "junction_area",
        "feature_name": "1）第 2 分道通航制与第 8 分道通航制的连接处",
        "description": "1）第 2 分道通航制与第 8 分道通航制的连接处由以下四点连线构成：\n39°15′56.40″N，120°13′28.20″E；\n39°19′34.20″N，120°19′39.00″E；\n39°21′52.80″N，120°17′09.60″E；\n39°18′14.40″N，120°10′58.80″E。",
        "color": "#2E8B57",
        "section_name_en": "III. Ship's Routeing System from the Laotieshan Channel to the Northwest of the Bohai Sea",
        "feature_type_en": "Connection / Junction Area",
        "feature_name_en": "Connection Area between TSS No. 2 and TSS No. 8"
      }
    },
    {
      "type": "Feature",
      "geometry": {
        "type": "Polygon",
        "coordinates": [
          [
            [
              120.3883333,
              39.3618333
            ],
            [
              120.4478333,
              39.3825
            ],
            [
              120.431,
              39.431
            ],
            [
              120.3698333,
              39.4146667
            ],
            [
              120.3883333,
              39.3618333
            ]
          ]
        ]
      },
      "properties": {
        "section_id": 3,
        "section_name_zh": "三、老铁山水道至渤海西北部船舶定线制",
        "feature_type": "junction_area",
        "feature_name": "2）第 3 分道通航制与第 8 分道通航制的连接处",
        "description": "2）第 3 分道通航制与第 8 分道通航制的连接处由以下四点连线构成：\n39°21′42.60″N，120°23′18.00″E；\n39°22′57.00″N，120°26′52.20″E；\n39°25′51.60″N，120°25′51.60″E；\n39°24′52.80″N，120°22′11.40″E。",
        "color": "#2E8B57",
        "section_name_en": "III. Ship's Routeing System from the Laotieshan Channel to the Northwest of the Bohai Sea",
        "feature_type_en": "Connection / Junction Area",
        "feature_name_en": "Connection Area between TSS No. 3 and TSS No. 8"
      }
    },
    {
      "type": "Feature",
      "geometry": {
        "type": "Polygon",
        "coordinates": [
          [
            [
              120.2825,
              39.664
            ],
            [
              120.355,
              39.6483333
            ],
            [
              120.3418333,
              39.6858333
            ],
            [
              120.2691833,
              39.7011333
            ],
            [
              120.2825,
              39.664
            ]
          ]
        ]
      },
      "properties": {
        "section_id": 3,
        "section_name_zh": "三、老铁山水道至渤海西北部船舶定线制",
        "feature_type": "junction_area",
        "feature_name": "3）第 3 分道通航制与第 6 分道通航制的连接处",
        "description": "3）第 3 分道通航制与第 6 分道通航制的连接处由以下四点连线构成：\n39°39′50.40″N，120°16′57.00″E；\n39°38′54.00″N，120°21′18.00″E；\n39°41′09.00″N，120°20′30.60″E；\n39°42′04.08″N，120°16′09.06″E。",
        "color": "#2E8B57",
        "section_name_en": "III. Ship's Routeing System from the Laotieshan Channel to the Northwest of the Bohai Sea",
        "feature_type_en": "Connection / Junction Area",
        "feature_name_en": "Connection Area between TSS No. 3 and TSS No. 6"
      }
    },
    {
      "type": "Feature",
      "geometry": {
        "type": "Polygon",
        "coordinates": [
          [
            [
              120.2533333,
              39.7476667
            ],
            [
              120.3225,
              39.7411667
            ],
            [
              120.3454722,
              39.7699111
            ],
            [
              120.2831778,
              39.7895056
            ],
            [
              120.2621889,
              39.7852583
            ],
            [
              120.2533333,
              39.7476667
            ]
          ]
        ]
      },
      "properties": {
        "section_id": 3,
        "section_name_zh": "三、老铁山水道至渤海西北部船舶定线制",
        "feature_type": "junction_area",
        "feature_name": "4）第 3 分道通航制、第 4 分道通航制与第 5 分道通航制的连接处",
        "description": "4）第 3 分道通航制、第 4 分道通航制与第 5 分道通航制的连接处由以下五点连线构成：\n39°44′51.60″N，120°15′12.00″E；\n39°44′28.20″N，120°19′21.00″E；\n39°46′11.68″N，120°20′43.70″E；\n39°47′22.22″N，120°16′59.44″E；\n39°47′06.93″N，120°15′43.88″E。",
        "color": "#2E8B57",
        "section_name_en": "III. Ship's Routeing System from the Laotieshan Channel to the Northwest of the Bohai Sea",
        "feature_type_en": "Connection / Junction Area",
        "feature_name_en": "Connection Area between TSS No. 3, TSS No. 4 and TSS No. 5"
      }
    },
    {
      "type": "Feature",
      "geometry": {
        "type": "Polygon",
        "coordinates": [
          [
            [
              120.5013389,
              39.6172694
            ],
            [
              120.5391111,
              39.6088528
            ],
            [
              120.5712222,
              39.6624444
            ],
            [
              120.5362,
              39.6790389
            ],
            [
              120.5138333,
              39.6508333
            ],
            [
              120.5013389,
              39.6172694
            ]
          ]
        ]
      },
      "properties": {
        "section_id": 3,
        "section_name_zh": "三、老铁山水道至渤海西北部船舶定线制",
        "feature_type": "junction_area",
        "feature_name": "5）第 5 分道通航制、第 6 分道通航制与第 7 分道通航制的连接处",
        "description": "5）第 5 分道通航制、第 6 分道通航制与第 7 分道通航制的连接处由以下五点连线构成：\n39°37′02.17″N，120°30′04.82″E；\n39°36′31.87″N，120°32′20.80″E；\n39°39′44.80″N，120°34′16.40″E；\n39°40′44.54″N，120°32′10.32″E；\n39°39′03.00″N，120°30′49.80″E。",
        "color": "#2E8B57",
        "section_name_en": "III. Ship's Routeing System from the Laotieshan Channel to the Northwest of the Bohai Sea",
        "feature_type_en": "Connection / Junction Area",
        "feature_name_en": "Connection Area between TSS No. 5, TSS No. 6 and TSS No. 7"
      }
    },
    {
      "type": "Feature",
      "geometry": {
        "type": "Polygon",
        "coordinates": [
          [
            [
              120.75,
              38.5984444
            ],
            [
              120.4762806,
              38.6458611
            ],
            [
              120.2905972,
              38.6629528
            ],
            [
              120.2951778,
              38.6455278
            ],
            [
              120.4741861,
              38.6291472
            ],
            [
              120.75,
              38.5984444
            ]
          ]
        ]
      },
      "properties": {
        "section_id": 4,
        "section_name_zh": "四、老铁山水道至渤海西部船舶定线制（辽宁段）",
        "scheme_id": 1,
        "scheme_name_zh": "1）第 1 分道通航制（辽宁段）",
        "scheme_name_en": "Traffic Separation Scheme No. 1",
        "feature_type": "tss_separation_zone",
        "feature_name": "1）第 1 分道通航制（辽宁段） - 分隔带",
        "description": "（1）分隔带第 1 分道通航制（辽宁段）分隔带由以下五点连线构成，分隔带宽度最大为 1 海里：",
        "color": "#800080",
        "section_name_en": "IV. Ship's Routeing System from the Laotieshan Channel to the West of the Bohai Sea (Liaoning Waters)",
        "feature_type_en": "Separation Zone",
        "feature_name_en": "Traffic Separation Scheme No. 1 - Separation Zone"
      }
    },
    {
      "type": "Feature",
      "geometry": {
        "type": "LineString",
        "coordinates": [
          [
            120.755225,
            38.6342889
          ],
          [
            120.4820833,
            38.6870556
          ],
          [
            120.2793694,
            38.7057139
          ]
        ]
      },
      "properties": {
        "section_id": 4,
        "section_name_zh": "四、老铁山水道至渤海西部船舶定线制（辽宁段）",
        "scheme_id": 1,
        "scheme_name_zh": "1）第 1 分道通航制（辽宁段）",
        "scheme_name_en": "Traffic Separation Scheme No. 1",
        "feature_type": "tss_boundary",
        "boundary_type": "north",
        "feature_name": "1）第 1 分道通航制（辽宁段） - North Boundary",
        "description": "（2）边界线第 1 分道通航制（辽宁段）北边界线为以下三点连线：",
        "color": "#1E90FF",
        "section_name_en": "IV. Ship's Routeing System from the Laotieshan Channel to the West of the Bohai Sea (Liaoning Waters)",
        "feature_type_en": "North Boundary Line",
        "feature_name_en": "Traffic Separation Scheme No. 1 - North Boundary Line"
      }
    },
    {
      "type": "Feature",
      "geometry": {
        "type": "LineString",
        "coordinates": [
          [
            120.7679472,
            38.5591083
          ],
          [
            120.3064111,
            38.6026667
          ]
        ]
      },
      "properties": {
        "section_id": 4,
        "section_name_zh": "四、老铁山水道至渤海西部船舶定线制（辽宁段）",
        "scheme_id": 1,
        "scheme_name_zh": "1）第 1 分道通航制（辽宁段）",
        "scheme_name_en": "Traffic Separation Scheme No. 1",
        "feature_type": "tss_boundary",
        "boundary_type": "south",
        "feature_name": "1）第 1 分道通航制（辽宁段） - South Boundary",
        "description": "第 1 分道通航制（辽宁段）南边界线为以下两点连线：",
        "color": "#1E90FF",
        "section_name_en": "IV. Ship's Routeing System from the Laotieshan Channel to the West of the Bohai Sea (Liaoning Waters)",
        "feature_type_en": "South Boundary Line",
        "feature_name_en": "Traffic Separation Scheme No. 1 - South Boundary Line"
      }
    },
    {
      "type": "Feature",
      "geometry": {
        "type": "LineString",
        "coordinates": [
          [
            121.77,
            38.9166667
          ],
          [
            121.77,
            38.95
          ]
        ]
      },
      "properties": {
        "section_id": 5,
        "section_name_zh": "五、大连港大三山水道船舶定线制",
        "scheme_id": 1,
        "scheme_name_zh": "1）大连港大三山水道分道通航制 （1）分隔线（带）",
        "scheme_name_en": "Traffic Separation Scheme for Dashanshan Channel",
        "feature_type": "tss_separation_line",
        "feature_name": "1）大连港大三山水道分道通航制 （1）分隔线（带） - 分隔线",
        "description": "①大连港大三山水道分道通航制分隔线为以下两点连线：",
        "color": "#9400D3",
        "section_name_en": "V. Ship’s Routeing System for the Dalian Port Dasanshan Waterway",
        "feature_type_en": "Separation Line",
        "feature_name_en": "Traffic Separation Scheme for Dashanshan Channel - Separation Line"
      }
    },
    {
      "type": "Feature",
      "geometry": {
        "type": "Polygon",
        "coordinates": [
          [
            [
              121.7668056,
              38.85
            ],
            [
              121.7668056,
              38.9066667
            ],
            [
              121.7726194,
              38.9066667
            ],
            [
              121.7726194,
              38.85
            ],
            [
              121.7668056,
              38.85
            ]
          ]
        ]
      },
      "properties": {
        "section_id": 5,
        "section_name_zh": "五、大连港大三山水道船舶定线制",
        "scheme_id": 1,
        "scheme_name_zh": "1）大连港大三山水道分道通航制 （1）分隔线（带）",
        "scheme_name_en": "Traffic Separation Scheme for Dashanshan Channel",
        "feature_type": "tss_separation_zone",
        "feature_name": "1）大连港大三山水道分道通航制 （1）分隔线（带） - 分隔带",
        "description": "②大连港大三山水道分道通航制分隔带由以下四点连线构成，分隔带宽度为 0.3 海里：",
        "color": "#800080",
        "section_name_en": "V. Ship’s Routeing System for the Dalian Port Dasanshan Waterway",
        "feature_type_en": "Separation Zone",
        "feature_name_en": "Traffic Separation Scheme for Dashanshan Channel - Separation Zone"
      }
    },
    {
      "type": "Feature",
      "geometry": {
        "type": "LineString",
        "coordinates": [
          [
            121.8083333,
            38.85
          ],
          [
            121.8,
            38.9066667
          ]
        ]
      },
      "properties": {
        "section_id": 5,
        "section_name_zh": "五、大连港大三山水道船舶定线制",
        "scheme_id": 1,
        "scheme_name_zh": "1）大连港大三山水道分道通航制 （1）分隔线（带）",
        "scheme_name_en": "Traffic Separation Scheme for Dashanshan Channel",
        "feature_type": "tss_boundary",
        "boundary_type": "east",
        "feature_name": "1）大连港大三山水道分道通航制 （1）分隔线（带） - East Boundary",
        "description": "（2）边界线大连港大三山水道分道通航制东边界线为以下两点连线：",
        "color": "#1E90FF",
        "section_name_en": "V. Ship’s Routeing System for the Dalian Port Dasanshan Waterway",
        "feature_type_en": "East Boundary Line",
        "feature_name_en": "Traffic Separation Scheme for Dashanshan Channel - East Boundary Line"
      }
    },
    {
      "type": "Feature",
      "geometry": {
        "type": "LineString",
        "coordinates": [
          [
            121.7166667,
            38.85
          ],
          [
            121.7333333,
            38.8825
          ],
          [
            121.7333333,
            38.9066667
          ]
        ]
      },
      "properties": {
        "section_id": 5,
        "section_name_zh": "五、大连港大三山水道船舶定线制",
        "scheme_id": 1,
        "scheme_name_zh": "1）大连港大三山水道分道通航制 （1）分隔线（带）",
        "scheme_name_en": "Traffic Separation Scheme for Dashanshan Channel",
        "feature_type": "tss_boundary",
        "boundary_type": "west",
        "feature_name": "1）大连港大三山水道分道通航制 （1）分隔线（带） - West Boundary",
        "description": "大连港大三山水道分道通航制西边界线为以下三点连线：",
        "color": "#1E90FF",
        "section_name_en": "V. Ship’s Routeing System for the Dalian Port Dasanshan Waterway",
        "feature_type_en": "West Boundary Line",
        "feature_name_en": "Traffic Separation Scheme for Dashanshan Channel - West Boundary Line"
      }
    },
    {
      "type": "Feature",
      "geometry": {
        "type": "Polygon",
        "coordinates": [
          [
            [
              121.77,
              38.9075
            ],
            [
              121.7571578,
              38.9074993
            ],
            [
              121.7571737,
              38.9079974
            ],
            [
              121.7572215,
              38.9084943
            ],
            [
              121.757301,
              38.9089887
            ],
            [
              121.7574121,
              38.9094795
            ],
            [
              121.7575545,
              38.9099653
            ],
            [
              121.7577279,
              38.9104449
            ],
            [
              121.7579317,
              38.9109173
            ],
            [
              121.7581656,
              38.9113811
            ],
            [
              121.7584289,
              38.9118353
            ],
            [
              121.758721,
              38.9122788
            ],
            [
              121.7590411,
              38.9127103
            ],
            [
              121.7593885,
              38.9131289
            ],
            [
              121.7597622,
              38.9135335
            ],
            [
              121.7601614,
              38.9139231
            ],
            [
              121.7605851,
              38.9142968
            ],
            [
              121.7610322,
              38.9146535
            ],
            [
              121.7615016,
              38.9149925
            ],
            [
              121.7619922,
              38.9153128
            ],
            [
              121.7625026,
              38.9156137
            ],
            [
              121.7630317,
              38.9158944
            ],
            [
              121.7635781,
              38.9161542
            ],
            [
              121.7641405,
              38.9163926
            ],
            [
              121.7647175,
              38.9166088
            ],
            [
              121.7653076,
              38.9168024
            ],
            [
              121.7659094,
              38.9169728
            ],
            [
              121.7665214,
              38.9171197
            ],
            [
              121.767142,
              38.9172427
            ],
            [
              121.7677697,
              38.9173414
            ],
            [
              121.7684029,
              38.9174157
            ],
            [
              121.7690402,
              38.9174653
            ],
            [
              121.7696798,
              38.9174902
            ],
            [
              121.7703202,
              38.9174902
            ],
            [
              121.7709598,
              38.9174653
            ],
            [
              121.7715971,
              38.9174157
            ],
            [
              121.7722303,
              38.9173414
            ],
            [
              121.772858,
              38.9172427
            ],
            [
              121.7734786,
              38.9171197
            ],
            [
              121.7740906,
              38.9169728
            ],
            [
              121.7746924,
              38.9168024
            ],
            [
              121.7752825,
              38.9166088
            ],
            [
              121.7758595,
              38.9163926
            ],
            [
              121.7764219,
              38.9161542
            ],
            [
              121.7769683,
              38.9158944
            ],
            [
              121.7774974,
              38.9156137
            ],
            [
              121.7780078,
              38.9153128
            ],
            [
              121.7784984,
              38.9149925
            ],
            [
              121.7789678,
              38.9146535
            ],
            [
              121.7794149,
              38.9142968
            ],
            [
              121.7798386,
              38.9139231
            ],
            [
              121.7802378,
              38.9135335
            ],
            [
              121.7806115,
              38.9131289
            ],
            [
              121.7809589,
              38.9127103
            ],
            [
              121.781279,
              38.9122788
            ],
            [
              121.7815711,
              38.9118353
            ],
            [
              121.7818344,
              38.9113811
            ],
            [
              121.7820683,
              38.9109173
            ],
            [
              121.7822721,
              38.9104449
            ],
            [
              121.7824455,
              38.9099653
            ],
            [
              121.7825879,
              38.9094795
            ],
            [
              121.782699,
              38.9089887
            ],
            [
              121.7827785,
              38.9084943
            ],
            [
              121.7828263,
              38.9079974
            ],
            [
              121.7828422,
              38.9074993
            ],
            [
              121.77,
              38.9075
            ]
          ]
        ]
      },
      "properties": {
        "section_id": 5,
        "section_name_zh": "五、大连港大三山水道船舶定线制",
        "feature_type": "precautionary_area",
        "feature_name": "大连港大三山水道警戒区",
        "shape_type": "semicircle",
        "center_lat": 38.9075,
        "center_lng": 121.77,
        "center_dms": "38°54′27.00″N, 121°46′12.00″E",
        "radius_nm": 0.6,
        "description": "大连港大三山水道警戒区 ， 为以 38°54′27.00″N ， 121°46′12.00″E 为圆心，0.6 海里为半径的北侧半圆形水域。",
        "color": "#FF8C00",
        "section_name_en": "V. Ship’s Routeing System for the Dalian Port Dasanshan Waterway",
        "feature_type_en": "Precautionary Area",
        "feature_name_en": "Dalian Port Dashanshan Channel Precautionary Area"
      }
    },
    {
      "type": "Feature",
      "geometry": {
        "type": "Point",
        "coordinates": [
          121.77,
          38.9075
        ]
      },
      "properties": {
        "section_id": 5,
        "section_name_zh": "五、大连港大三山水道船舶定线制",
        "feature_type": "precautionary_center",
        "feature_name": "大连港大三山水道警戒区 (Center)",
        "radius_nm": 0.6,
        "dms": "38°54′27.00″N, 121°46′12.00″E",
        "section_name_en": "V. Ship’s Routeing System for the Dalian Port Dasanshan Waterway",
        "feature_type_en": "Precautionary Area Center",
        "feature_name_en": "大连港大三山水道警戒区 (Center) (Center Point)"
      }
    },
    {
      "type": "Feature",
      "geometry": {
        "type": "LineString",
        "coordinates": [
          [
            120.9316667,
            38.5716667
          ],
          [
            121.0983333,
            38.4966667
          ]
        ]
      },
      "properties": {
        "section_id": 6,
        "section_name_zh": "六、老铁山水道船舶定线制",
        "scheme_id": 1,
        "scheme_name_zh": "1）老铁山水道分道通航制 （1）分隔线（带）",
        "scheme_name_en": "Traffic Separation Scheme for Laotieshan Channel",
        "feature_type": "tss_separation_line",
        "feature_name": "1）老铁山水道分道通航制 （1）分隔线（带） - 分隔线",
        "description": "①老铁山水道分道通航制分隔线为以下两点连线：",
        "color": "#9400D3",
        "section_name_en": "VI. Ship’s Routeing System for the Laotieshan Channel",
        "feature_type_en": "Separation Line",
        "feature_name_en": "Traffic Separation Scheme for Laotieshan Channel - Separation Line"
      }
    },
    {
      "type": "Feature",
      "geometry": {
        "type": "Polygon",
        "coordinates": [
          [
            [
              120.9263833,
              38.5644278
            ],
            [
              121.0930556,
              38.4894278
            ],
            [
              121.1036083,
              38.5039056
            ],
            [
              120.9369472,
              38.5789028
            ],
            [
              120.9263833,
              38.5644278
            ]
          ]
        ]
      },
      "properties": {
        "section_id": 6,
        "section_name_zh": "六、老铁山水道船舶定线制",
        "scheme_id": 1,
        "scheme_name_zh": "1）老铁山水道分道通航制 （1）分隔线（带）",
        "scheme_name_en": "Traffic Separation Scheme for Laotieshan Channel",
        "feature_type": "tss_separation_zone",
        "feature_name": "1）老铁山水道分道通航制 （1）分隔线（带） - 分隔带",
        "description": "②老铁山水道分道通航制分隔带由以下四点连线构成，分隔带宽度为 1 海里：",
        "color": "#800080",
        "section_name_en": "VI. Ship’s Routeing System for the Laotieshan Channel",
        "feature_type_en": "Separation Zone",
        "feature_name_en": "Traffic Separation Scheme for Laotieshan Channel - Separation Zone"
      }
    },
    {
      "type": "Feature",
      "geometry": {
        "type": "LineString",
        "coordinates": [
          [
            120.96,
            38.6116667
          ],
          [
            121.1266667,
            38.5366667
          ]
        ]
      },
      "properties": {
        "section_id": 6,
        "section_name_zh": "六、老铁山水道船舶定线制",
        "scheme_id": 1,
        "scheme_name_zh": "1）老铁山水道分道通航制 （1）分隔线（带）",
        "scheme_name_en": "Traffic Separation Scheme for Laotieshan Channel",
        "feature_type": "tss_boundary",
        "boundary_type": "north",
        "feature_name": "1）老铁山水道分道通航制 （1）分隔线（带） - North Boundary",
        "description": "（2）边界线老铁山水道分道通航制北边界线为以下两点连线：",
        "color": "#1E90FF",
        "section_name_en": "VI. Ship’s Routeing System for the Laotieshan Channel",
        "feature_type_en": "North Boundary Line",
        "feature_name_en": "Traffic Separation Scheme for Laotieshan Channel - North Boundary Line"
      }
    },
    {
      "type": "Feature",
      "geometry": {
        "type": "LineString",
        "coordinates": [
          [
            120.9016667,
            38.5316667
          ],
          [
            121.0683333,
            38.4533333
          ]
        ]
      },
      "properties": {
        "section_id": 6,
        "section_name_zh": "六、老铁山水道船舶定线制",
        "scheme_id": 1,
        "scheme_name_zh": "1）老铁山水道分道通航制 （1）分隔线（带）",
        "scheme_name_en": "Traffic Separation Scheme for Laotieshan Channel",
        "feature_type": "tss_boundary",
        "boundary_type": "south",
        "feature_name": "1）老铁山水道分道通航制 （1）分隔线（带） - South Boundary",
        "description": "老铁山水道分道通航制南边界线为以下两点连线：",
        "color": "#1E90FF",
        "section_name_en": "VI. Ship’s Routeing System for the Laotieshan Channel",
        "feature_type_en": "South Boundary Line",
        "feature_name_en": "Traffic Separation Scheme for Laotieshan Channel - South Boundary Line"
      }
    },
    {
      "type": "Feature",
      "geometry": {
        "type": "Polygon",
        "coordinates": [
          [
            [
              120.855,
              38.6899439
            ],
            [
              120.8654576,
              38.6895424
            ],
            [
              120.8758141,
              38.6883419
            ],
            [
              120.8859694,
              38.6863539
            ],
            [
              120.8958255,
              38.6835977
            ],
            [
              120.9052872,
              38.6800999
            ],
            [
              120.9142631,
              38.6758942
            ],
            [
              120.9226666,
              38.6710214
            ],
            [
              120.9304167,
              38.6655284
            ],
            [
              120.9374387,
              38.6594683
            ],
            [
              120.943665,
              38.6528996
            ],
            [
              120.9490358,
              38.6458857
            ],
            [
              120.9534995,
              38.6384942
            ],
            [
              120.9570134,
              38.6307965
            ],
            [
              120.9595438,
              38.6228668
            ],
            [
              120.9610667,
              38.6147814
            ],
            [
              120.9615678,
              38.6066184
            ],
            [
              120.9610425,
              38.5984563
            ],
            [
              120.9594964,
              38.5903737
            ],
            [
              120.9569446,
              38.5824484
            ],
            [
              120.9534121,
              38.5747567
            ],
            [
              120.948933,
              38.5673726
            ],
            [
              120.9435508,
              38.560367
            ],
            [
              120.9373174,
              38.5538074
            ],
            [
              120.930293,
              38.5477567
            ],
            [
              120.9225453,
              38.5422731
            ],
            [
              120.9141488,
              38.5374094
            ],
            [
              120.9051844,
              38.5332121
            ],
            [
              120.8957381,
              38.5297216
            ],
            [
              120.8859007,
              38.5269713
            ],
            [
              120.8757667,
              38.5249878
            ],
            [
              120.8654334,
              38.5237901
            ],
            [
              120.855,
              38.5233895
            ],
            [
              120.8445666,
              38.5237901
            ],
            [
              120.8342333,
              38.5249878
            ],
            [
              120.8240993,
              38.5269713
            ],
            [
              120.8142619,
              38.5297216
            ],
            [
              120.8048156,
              38.5332121
            ],
            [
              120.7958512,
              38.5374094
            ],
            [
              120.7874547,
              38.5422731
            ],
            [
              120.779707,
              38.5477567
            ],
            [
              120.7726826,
              38.5538074
            ],
            [
              120.7664492,
              38.560367
            ],
            [
              120.761067,
              38.5673726
            ],
            [
              120.7565879,
              38.5747567
            ],
            [
              120.7530554,
              38.5824484
            ],
            [
              120.7505036,
              38.5903737
            ],
            [
              120.7489575,
              38.5984563
            ],
            [
              120.7484322,
              38.6066184
            ],
            [
              120.7489333,
              38.6147814
            ],
            [
              120.7504562,
              38.6228668
            ],
            [
              120.7529866,
              38.6307965
            ],
            [
              120.7565005,
              38.6384942
            ],
            [
              120.7609642,
              38.6458857
            ],
            [
              120.766335,
              38.6528996
            ],
            [
              120.7725613,
              38.6594683
            ],
            [
              120.7795833,
              38.6655284
            ],
            [
              120.7873334,
              38.6710214
            ],
            [
              120.7957369,
              38.6758942
            ],
            [
              120.8047128,
              38.6800999
            ],
            [
              120.8141745,
              38.6835977
            ],
            [
              120.8240306,
              38.6863539
            ],
            [
              120.8341859,
              38.6883419
            ],
            [
              120.8445424,
              38.6895424
            ],
            [
              120.855,
              38.6899439
            ]
          ]
        ]
      },
      "properties": {
        "section_id": 6,
        "section_name_zh": "六、老铁山水道船舶定线制",
        "feature_type": "precautionary_area",
        "feature_name": "老铁山水道警戒区",
        "shape_type": "circle",
        "center_lat": 38.6066667,
        "center_lng": 120.855,
        "center_dms": "38°36′24.00″N, 120°51′18.00″E",
        "radius_nm": 5.0,
        "description": "老铁山水道警戒区，为以 38°36′24.00″N，120°51′18.00″E 为圆心，5 海里为半径的圆形水域。",
        "color": "#FF8C00",
        "section_name_en": "VI. Ship’s Routeing System for the Laotieshan Channel",
        "feature_type_en": "Precautionary Area",
        "feature_name_en": "Laotieshan Channel Precautionary Area"
      }
    },
    {
      "type": "Feature",
      "geometry": {
        "type": "Point",
        "coordinates": [
          120.855,
          38.6066667
        ]
      },
      "properties": {
        "section_id": 6,
        "section_name_zh": "六、老铁山水道船舶定线制",
        "feature_type": "precautionary_center",
        "feature_name": "老铁山水道警戒区 (Center)",
        "radius_nm": 5.0,
        "dms": "38°36′24.00″N, 120°51′18.00″E",
        "section_name_en": "VI. Ship’s Routeing System for the Laotieshan Channel",
        "feature_type_en": "Precautionary Area Center",
        "feature_name_en": "老铁山水道警戒区 (Center) (Center Point)"
      }
    },
    {
      "type": "Feature",
      "geometry": {
        "type": "LineString",
        "coordinates": [
          [
            118.7533333,
            38.8
          ],
          [
            119.0,
            38.7766667
          ],
          [
            120.7497222,
            38.6113889
          ]
        ]
      },
      "properties": {
        "feature_type": "national_outer_route",
        "feature_type_en": "National Outer Coastal Public Route",
        "route_id": "outer_1",
        "scheme_name_en": "Tianjin - Laotieshan Route",
        "scheme_name_zh": "天津—老铁山航路",
        "feature_name_en": "Tianjin - Laotieshan Route",
        "feature_name": "天津—老铁山航路",
        "section_name_en": "China National Outer Public Routes",
        "section_name_zh": "全国沿海外航路",
        "width_nm": "4.8 - 6.0",
        "color": "#00b894",
        "stroke": "#00b894",
        "stroke-width": 3.5,
        "stroke-dasharray": "8, 4"
      }
    },
    {
      "type": "Feature",
      "geometry": {
        "type": "LineString",
        "coordinates": [
          [
            121.3791667,
            39.9636111
          ],
          [
            120.9313889,
            39.5
          ],
          [
            120.8752778,
            39.0736111
          ],
          [
            120.8569444,
            38.9336111
          ],
          [
            120.8569444,
            38.6891667
          ]
        ]
      },
      "properties": {
        "feature_type": "national_outer_route",
        "feature_type_en": "National Outer Coastal Public Route",
        "route_id": "outer_2",
        "scheme_name_en": "Northern Bohai Sea - Laotieshan Route",
        "scheme_name_zh": "渤海北部—老铁山航路",
        "feature_name_en": "Northern Bohai Sea - Laotieshan Route",
        "feature_name": "渤海北部—老铁山航路",
        "section_name_en": "China National Outer Public Routes",
        "section_name_zh": "全国沿海外航路",
        "width_nm": "4.6 - 6.0",
        "color": "#00b894",
        "stroke": "#00b894",
        "stroke-width": 3.5,
        "stroke-dasharray": "8, 4"
      }
    },
    {
      "type": "Feature",
      "geometry": {
        "type": "LineString",
        "coordinates": [
          [
            121.0977778,
            38.4977778
          ],
          [
            122.7022222,
            37.6597222
          ]
        ]
      },
      "properties": {
        "feature_type": "national_outer_route",
        "feature_type_en": "National Outer Coastal Public Route",
        "route_id": "outer_3",
        "scheme_name_en": "Laotieshan - Chengshanjiao Route",
        "scheme_name_zh": "老铁山—成山角航路",
        "feature_name_en": "Laotieshan - Chengshanjiao Route",
        "feature_name": "老铁山—成山角航路",
        "section_name_en": "China National Outer Public Routes",
        "section_name_zh": "全国沿海外航路",
        "width_nm": "5.6 - 15.0",
        "color": "#00b894",
        "stroke": "#00b894",
        "stroke-width": 3.5,
        "stroke-dasharray": "8, 4"
      }
    },
    {
      "type": "Feature",
      "geometry": {
        "type": "LineString",
        "coordinates": [
          [
            123.0,
            37.1944444
          ],
          [
            123.0,
            30.7658333
          ]
        ]
      },
      "properties": {
        "feature_type": "national_outer_route",
        "feature_type_en": "National Outer Coastal Public Route",
        "route_id": "outer_4",
        "scheme_name_en": "Chengshanjiao - Yangtze River Estuary Outer Public Route",
        "scheme_name_zh": "成山角—长江口外航路",
        "feature_name_en": "Chengshanjiao - Yangtze River Estuary Outer Public Route",
        "feature_name": "成山角—长江口外航路",
        "section_name_en": "China National Outer Public Routes",
        "section_name_zh": "全国沿海外航路",
        "width_nm": "6.0",
        "color": "#00b894",
        "stroke": "#00b894",
        "stroke-width": 3.5,
        "stroke-dasharray": "8, 4"
      }
    },
    {
      "type": "Feature",
      "geometry": {
        "type": "LineString",
        "coordinates": [
          [
            123.2666667,
            30.7333333
          ],
          [
            123.0,
            30.1666667
          ],
          [
            122.5833333,
            28.8833333
          ],
          [
            121.2916667,
            27.0
          ]
        ]
      },
      "properties": {
        "feature_type": "national_outer_route",
        "feature_type_en": "National Outer Coastal Public Route",
        "route_id": "outer_5",
        "scheme_name_en": "Outer Public Route along Zhejiang Coast",
        "scheme_name_zh": "浙江沿海外航路",
        "feature_name_en": "Outer Public Route along Zhejiang Coast",
        "feature_name": "浙江沿海外航路",
        "section_name_en": "China National Outer Public Routes",
        "section_name_zh": "全国沿海外航路",
        "width_nm": "6.0",
        "color": "#00b894",
        "stroke": "#00b894",
        "stroke-width": 3.5,
        "stroke-dasharray": "8, 4"
      }
    },
    {
      "type": "Feature",
      "geometry": {
        "type": "LineString",
        "coordinates": [
          [
            123.0,
            30.7658333
          ],
          [
            123.0,
            30.1666667
          ]
        ]
      },
      "properties": {
        "feature_type": "national_outer_route",
        "feature_type_en": "National Outer Coastal Public Route",
        "route_id": "outer_6",
        "scheme_name_en": "Branch of Outer Public Route along Zhejiang Coast",
        "scheme_name_zh": "浙江沿海外航路支线",
        "feature_name_en": "Branch of Outer Public Route along Zhejiang Coast",
        "feature_name": "浙江沿海外航路支线",
        "section_name_en": "China National Outer Public Routes",
        "section_name_zh": "全国沿海外航路",
        "width_nm": "3.0",
        "color": "#00b894",
        "stroke": "#00b894",
        "stroke-width": 3.5,
        "stroke-dasharray": "8, 4"
      }
    },
    {
      "type": "Feature",
      "geometry": {
        "type": "LineString",
        "coordinates": [
          [
            121.2916667,
            27.0
          ],
          [
            120.1425,
            25.2888889
          ],
          [
            117.8927778,
            23.5
          ],
          [
            117.5098889,
            23.1848611
          ]
        ]
      },
      "properties": {
        "feature_type": "national_outer_route",
        "feature_type_en": "National Outer Coastal Public Route",
        "route_id": "outer_7",
        "scheme_name_en": "Outer Public Route along Fujian Coast",
        "scheme_name_zh": "福建沿海外航路",
        "feature_name_en": "Outer Public Route along Fujian Coast",
        "feature_name": "福建沿海外航路",
        "section_name_en": "China National Outer Public Routes",
        "section_name_zh": "全国沿海外航路",
        "width_nm": "8.0",
        "color": "#00b894",
        "stroke": "#00b894",
        "stroke-width": 3.5,
        "stroke-dasharray": "8, 4"
      }
    },
    {
      "type": "Feature",
      "geometry": {
        "type": "LineString",
        "coordinates": [
          [
            117.5098889,
            23.1848611
          ],
          [
            116.9138889,
            22.695
          ],
          [
            115.2027778,
            22.1313889
          ],
          [
            113.7016667,
            21.49
          ],
          [
            111.0755556,
            20.2563889
          ]
        ]
      },
      "properties": {
        "feature_type": "national_outer_route",
        "feature_type_en": "National Outer Coastal Public Route",
        "route_id": "outer_8",
        "scheme_name_en": "Outer Public Route along Guangdong Coast",
        "scheme_name_zh": "广东沿海外航路",
        "feature_name_en": "Outer Public Route along Guangdong Coast",
        "feature_name": "广东沿海外航路",
        "section_name_en": "China National Outer Public Routes",
        "section_name_zh": "全国沿海外航路",
        "width_nm": "6.0 - 8.0",
        "color": "#00b894",
        "stroke": "#00b894",
        "stroke-width": 3.5,
        "stroke-dasharray": "8, 4"
      }
    },
    {
      "type": "Feature",
      "geometry": {
        "type": "LineString",
        "coordinates": [
          [
            109.8488333,
            20.1516667
          ],
          [
            108.5958889,
            21.2368333
          ]
        ]
      },
      "properties": {
        "feature_type": "national_outer_route",
        "feature_type_en": "National Outer Coastal Public Route",
        "route_id": "outer_9",
        "scheme_name_en": "Qiongzhou Strait - Qinzhou Route",
        "scheme_name_zh": "琼州海峡—广西钦州航路",
        "feature_name_en": "Qiongzhou Strait - Qinzhou Route",
        "feature_name": "琼州海峡—广西钦州航路",
        "section_name_en": "China National Outer Public Routes",
        "section_name_zh": "全国沿海外航路",
        "width_nm": "4.0",
        "color": "#00b894",
        "stroke": "#00b894",
        "stroke-width": 3.5,
        "stroke-dasharray": "8, 4"
      }
    },
    {
      "type": "Feature",
      "geometry": {
        "type": "LineString",
        "coordinates": [
          [
            121.98375,
            38.0303056
          ],
          [
            123.2666667,
            37.7091389
          ],
          [
            123.2666667,
            30.7333333
          ]
        ]
      },
      "properties": {
        "feature_type": "national_outer_route",
        "feature_type_en": "National Outer Coastal Public Route",
        "route_id": "outer_branch_chengshan",
        "scheme_name_en": "Branch of Chengshanjiao - Yangtze River Estuary Outer Public Route",
        "scheme_name_zh": "成山角—长江口外航路支线",
        "feature_name_en": "Branch of Chengshanjiao - Yangtze River Estuary Outer Public Route",
        "feature_name": "成山角—长江口外航路支线",
        "section_name_en": "China National Outer Public Routes",
        "section_name_zh": "全国沿海外航路",
        "width_nm": "6.0",
        "color": "#00b894",
        "stroke": "#00b894",
        "stroke-width": 3.5,
        "stroke-dasharray": "8, 4"
      }
    },
    {
      "type": "Feature",
      "geometry": {
        "type": "LineString",
        "coordinates": [
          [
            118.7080556,
            38.6433333
          ],
          [
            118.9463889,
            38.5566667
          ],
          [
            119.2022222,
            38.4830556
          ],
          [
            119.6633333,
            38.3577778
          ],
          [
            120.3263889,
            38.1330556
          ]
        ]
      },
      "properties": {
        "feature_type": "national_inner_route",
        "feature_type_en": "National Inner Coastal Public Route",
        "route_id": "inner_1_north",
        "scheme_name_en": "Tianjin - Changshan Waterway (North Section)",
        "scheme_name_zh": "天津—长山水道航路 (北侧)",
        "feature_name_en": "Tianjin - Changshan Waterway (North Section)",
        "feature_name": "天津—长山水道航路 (北侧)",
        "section_name_en": "China National Inner Public Routes",
        "section_name_zh": "全国沿海内航路",
        "width_nm": "2.3 - 2.8",
        "color": "#0984e3",
        "stroke": "#0984e3",
        "stroke-width": 3,
        "stroke-dasharray": "6, 4"
      }
    },
    {
      "type": "Feature",
      "geometry": {
        "type": "LineString",
        "coordinates": [
          [
            118.6838889,
            38.6102778
          ],
          [
            119.1608333,
            38.4369444
          ],
          [
            119.6011111,
            38.2725
          ],
          [
            120.3055556,
            38.0886111
          ]
        ]
      },
      "properties": {
        "feature_type": "national_inner_route",
        "feature_type_en": "National Inner Coastal Public Route",
        "route_id": "inner_1_south",
        "scheme_name_en": "Tianjin - Changshan Waterway (South Section)",
        "scheme_name_zh": "天津—长山水道航路 (南侧)",
        "feature_name_en": "Tianjin - Changshan Waterway (South Section)",
        "feature_name": "天津—长山水道航路 (南侧)",
        "section_name_en": "China National Inner Public Routes",
        "section_name_zh": "全国沿海内航路",
        "width_nm": "2.3 - 2.8",
        "color": "#0984e3",
        "stroke": "#0984e3",
        "stroke-width": 3,
        "stroke-dasharray": "6, 4"
      }
    },
    {
      "type": "Feature",
      "geometry": {
        "type": "LineString",
        "coordinates": [
          [
            121.1205556,
            37.9461111
          ],
          [
            121.4147222,
            37.8805556
          ],
          [
            122.6708333,
            37.6527778
          ]
        ]
      },
      "properties": {
        "feature_type": "national_inner_route",
        "feature_type_en": "National Inner Coastal Public Route",
        "route_id": "inner_2",
        "scheme_name_en": "Changshan Waterway - Chengshanjiao Route",
        "scheme_name_zh": "长山水道—成山角航路",
        "feature_name_en": "Changshan Waterway - Chengshanjiao Route",
        "feature_name": "长山水道—成山角航路",
        "section_name_en": "China National Inner Public Routes",
        "section_name_zh": "全国沿海内航路",
        "width_nm": "5.2 - 5.6 ~ 13.0",
        "color": "#0984e3",
        "stroke": "#0984e3",
        "stroke-width": 3,
        "stroke-dasharray": "6, 4"
      }
    },
    {
      "type": "Feature",
      "geometry": {
        "type": "LineString",
        "coordinates": [
          [
            122.8280556,
            37.1938889
          ],
          [
            122.7055556,
            33.0
          ]
        ]
      },
      "properties": {
        "feature_type": "national_inner_route",
        "feature_type_en": "National Inner Coastal Public Route",
        "route_id": "inner_3_north",
        "scheme_name_en": "Chengshanjiao - Yangtze River Estuary Inner Route (North Section)",
        "scheme_name_zh": "成山角—长江口内航路 (北段)",
        "feature_name_en": "Chengshanjiao - Yangtze River Estuary Inner Route (North Section)",
        "feature_name": "成山角—长江口内航路 (北段)",
        "section_name_en": "China National Inner Public Routes",
        "section_name_zh": "全国沿海内航路",
        "width_nm": "6.0 - 13.5",
        "color": "#0984e3",
        "stroke": "#0984e3",
        "stroke-width": 3,
        "stroke-dasharray": "6, 4"
      }
    },
    {
      "type": "Feature",
      "geometry": {
        "type": "LineString",
        "coordinates": [
          [
            122.7972222,
            33.0
          ],
          [
            122.7972222,
            30.9578056
          ]
        ]
      },
      "properties": {
        "feature_type": "national_inner_route",
        "feature_type_en": "National Inner Coastal Public Route",
        "route_id": "inner_3_south_div",
        "scheme_name_en": "Chengshanjiao - Yangtze River Estuary Inner Route (South Diversion)",
        "scheme_name_zh": "成山角—长江口内航路 (南段分流航路)",
        "feature_name_en": "Chengshanjiao - Yangtze River Estuary Inner Route (South Diversion)",
        "feature_name": "成山角—长江口内航路 (南段分流航路)",
        "section_name_en": "China National Inner Public Routes",
        "section_name_zh": "全国沿海内航路",
        "width_nm": "4.0",
        "color": "#0984e3",
        "stroke": "#0984e3",
        "stroke-width": 3,
        "stroke-dasharray": "6, 4"
      }
    },
    {
      "type": "Feature",
      "geometry": {
        "type": "LineString",
        "coordinates": [
          [
            122.6333333,
            33.0
          ],
          [
            122.5329444,
            31.3333333
          ],
          [
            122.5329444,
            31.1529444
          ],
          [
            122.5329444,
            30.9411111
          ],
          [
            122.5329444,
            30.86
          ],
          [
            122.5510278,
            30.8258056
          ]
        ]
      },
      "properties": {
        "feature_type": "national_inner_route",
        "feature_type_en": "National Inner Coastal Public Route",
        "route_id": "inner_3_south_coastal",
        "scheme_name_en": "Chengshanjiao - Yangtze River Estuary Inner Route (South Coastal)",
        "scheme_name_zh": "成山角—长江口内航路 (南段沿岸航路)",
        "feature_name_en": "Chengshanjiao - Yangtze River Estuary Inner Route (South Coastal)",
        "feature_name": "成山角—长江口内航路 (南段沿岸航路)",
        "section_name_en": "China National Inner Public Routes",
        "section_name_zh": "全国沿海内航路",
        "width_nm": "2.0 - 4.0",
        "color": "#0984e3",
        "stroke": "#0984e3",
        "stroke-width": 3,
        "stroke-dasharray": "6, 4"
      }
    },
    {
      "type": "Feature",
      "geometry": {
        "type": "LineString",
        "coordinates": [
          [
            122.7972222,
            30.9578056
          ],
          [
            122.305,
            30.81
          ]
        ]
      },
      "properties": {
        "feature_type": "national_inner_route",
        "feature_type_en": "National Inner Coastal Public Route",
        "route_id": "inner_4",
        "scheme_name_en": "Branch of the Diversion Route of Yangtze River Estuary",
        "scheme_name_zh": "长江口分流航路支线",
        "feature_name_en": "Branch of the Diversion Route of Yangtze River Estuary",
        "feature_name": "长江口分流航路支线",
        "section_name_en": "China National Inner Public Routes",
        "section_name_zh": "全国沿海内航路",
        "width_nm": "2.0",
        "color": "#0984e3",
        "stroke": "#0984e3",
        "stroke-width": 3,
        "stroke-dasharray": "6, 4"
      }
    },
    {
      "type": "Feature",
      "geometry": {
        "type": "LineString",
        "coordinates": [
          [
            122.5510278,
            30.8258056
          ],
          [
            122.6316667,
            30.67
          ],
          [
            122.6083333,
            30.2
          ],
          [
            122.6808333,
            29.6566667
          ],
          [
            122.045,
            28.7083333
          ],
          [
            122.0083333,
            28.4
          ],
          [
            120.8933333,
            27.0
          ]
        ]
      },
      "properties": {
        "feature_type": "national_inner_route",
        "feature_type_en": "National Inner Coastal Public Route",
        "route_id": "inner_5",
        "scheme_name_en": "Eastern Public Route along Zhejiang Coast",
        "scheme_name_zh": "浙江沿海东航路",
        "feature_name_en": "Eastern Public Route along Zhejiang Coast",
        "feature_name": "浙江沿海东航路",
        "section_name_en": "China National Inner Public Routes",
        "section_name_zh": "全国沿海内航路",
        "width_nm": "4.0",
        "color": "#0984e3",
        "stroke": "#0984e3",
        "stroke-width": 3,
        "stroke-dasharray": "6, 4"
      }
    },
    {
      "type": "Feature",
      "geometry": {
        "type": "LineString",
        "coordinates": [
          [
            122.305,
            30.81
          ],
          [
            122.3583333,
            30.6333333
          ],
          [
            122.6216667,
            30.4916667
          ]
        ]
      },
      "properties": {
        "feature_type": "national_inner_route",
        "feature_type_en": "National Inner Coastal Public Route",
        "route_id": "inner_6",
        "scheme_name_en": "Branch of Eastern Public Route along Zhejiang Coast",
        "scheme_name_zh": "浙江沿海东航路支线",
        "feature_name_en": "Branch of Eastern Public Route along Zhejiang Coast",
        "feature_name": "浙江沿海东航路支线",
        "section_name_en": "China National Inner Public Routes",
        "section_name_zh": "全国沿海内航路",
        "width_nm": "2.0",
        "color": "#0984e3",
        "stroke": "#0984e3",
        "stroke-width": 3,
        "stroke-dasharray": "6, 4"
      }
    },
    {
      "type": "Feature",
      "geometry": {
        "type": "LineString",
        "coordinates": [
          [
            120.8933333,
            27.0
          ],
          [
            120.3986111,
            26.4066667
          ],
          [
            119.9716667,
            25.4166667
          ],
          [
            119.8197222,
            25.1952778
          ],
          [
            119.4986111,
            24.9344444
          ],
          [
            118.3138889,
            24.0622222
          ],
          [
            117.5180556,
            23.5
          ],
          [
            117.3572778,
            23.3645833
          ]
        ]
      },
      "properties": {
        "feature_type": "national_inner_route",
        "feature_type_en": "National Inner Coastal Public Route",
        "route_id": "inner_7",
        "scheme_name_en": "Middle Public Route along Fujian Coast",
        "scheme_name_zh": "福建沿海中航路",
        "feature_name_en": "Middle Public Route along Fujian Coast",
        "feature_name": "福建沿海中航路",
        "section_name_en": "China National Inner Public Routes",
        "section_name_zh": "全国沿海内航路",
        "width_nm": "3.0 - 4.0",
        "color": "#0984e3",
        "stroke": "#0984e3",
        "stroke-width": 3,
        "stroke-dasharray": "6, 4"
      }
    },
    {
      "type": "Feature",
      "geometry": {
        "type": "LineString",
        "coordinates": [
          [
            117.3572778,
            23.3645833
          ],
          [
            117.2136111,
            23.2444444
          ],
          [
            116.3627778,
            22.7633333
          ],
          [
            115.87,
            22.6008333
          ],
          [
            114.9508333,
            22.4122222
          ],
          [
            114.3791667,
            22.1194444
          ],
          [
            113.8623611,
            21.93
          ],
          [
            112.8491667,
            21.4888889
          ],
          [
            111.4294444,
            21.1116667
          ],
          [
            110.9951111,
            21.0094444
          ]
        ]
      },
      "properties": {
        "feature_type": "national_inner_route",
        "feature_type_en": "National Inner Coastal Public Route",
        "route_id": "inner_8",
        "scheme_name_en": "Inner Public Route along Guangdong Coast",
        "scheme_name_zh": "广东沿海内航路",
        "feature_name_en": "Inner Public Route along Guangdong Coast",
        "feature_name": "广东沿海内航路",
        "section_name_en": "China National Inner Public Routes",
        "section_name_zh": "全国沿海内航路",
        "width_nm": "3.0 - 4.0",
        "color": "#0984e3",
        "stroke": "#0984e3",
        "stroke-width": 3,
        "stroke-dasharray": "6, 4"
      }
    },
    {
      "type": "Feature",
      "geometry": {
        "type": "LineString",
        "coordinates": [
          [
            111.4294444,
            21.1116667
          ],
          [
            110.9438889,
            20.5166667
          ]
        ]
      },
      "properties": {
        "feature_type": "national_inner_route",
        "feature_type_en": "National Inner Coastal Public Route",
        "route_id": "inner_9",
        "scheme_name_en": "Maoming Port - Qiongzhou Strait North Waterway",
        "scheme_name_zh": "粤西沿海茂名港外—琼州海峡北水道航路",
        "feature_name_en": "Maoming Port - Qiongzhou Strait North Waterway",
        "feature_name": "粤西沿海茂名港外—琼州海峡北水道航路",
        "section_name_en": "China National Inner Public Routes",
        "section_name_zh": "全国沿海内航路",
        "width_nm": "2.0",
        "color": "#0984e3",
        "stroke": "#0984e3",
        "stroke-width": 3,
        "stroke-dasharray": "6, 4"
      }
    },
    {
      "type": "Feature",
      "geometry": {
        "type": "LineString",
        "coordinates": [
          [
            109.7665,
            20.2233333
          ],
          [
            109.2021667,
            21.1095
          ]
        ]
      },
      "properties": {
        "feature_type": "national_inner_route",
        "feature_type_en": "National Inner Coastal Public Route",
        "route_id": "inner_10",
        "scheme_name_en": "Qiongzhou Strait - Beihai Route",
        "scheme_name_zh": "琼州海峡—广西北海航路",
        "feature_name_en": "Qiongzhou Strait - Beihai Route",
        "feature_name": "琼州海峡—广西北海航路",
        "section_name_en": "China National Inner Public Routes",
        "section_name_zh": "全国沿海内航路",
        "width_nm": "3.0",
        "color": "#0984e3",
        "stroke": "#0984e3",
        "stroke-width": 3,
        "stroke-dasharray": "6, 4"
      }
    },
    {
      "type": "Feature",
      "geometry": {
        "type": "Polygon",
        "coordinates": [
          [
            [
              122.557,
              29.4166667
            ],
            [
              122.6903333,
              29.4166667
            ],
            [
              122.5283333,
              28.9033333
            ],
            [
              122.42225,
              28.75
            ],
            [
              122.1132167,
              28.75
            ],
            [
              122.557,
              29.4166667
            ]
          ]
        ]
      },
      "properties": {
        "feature_type": "no_sail_warning_zone",
        "feature_type_en": "No-Sail Warning Zone",
        "zone_id": "warn_yellow",
        "feature_name_en": "Yellow Warning Zone (CAN NOT sail into)",
        "feature_name": "黄色警示区 (禁止驶入)",
        "section_name_en": "Navigation Warning Notice (Zhejiang/Zhoushan)",
        "section_name_zh": "航行警示通告 (浙江/舟山水域)",
        "description": "Navigation Warning Zone linked by five geographical coordinates. Vessels CAN NOT sail into this area.",
        "color": "#f1c40f",
        "stroke": "#b7950b",
        "fill": "#f1c40f",
        "fill_opacity": 0.45
      }
    },
    {
      "type": "Feature",
      "geometry": {
        "type": "Polygon",
        "coordinates": [
          [
            [
              122.0314,
              28.75
            ],
            [
              122.03055,
              28.75
            ],
            [
              122.035,
              28.7563333
            ],
            [
              122.1305,
              29.1148333
            ],
            [
              122.1308333,
              29.5651667
            ],
            [
              122.1315,
              29.575
            ],
            [
              122.358,
              29.571
            ],
            [
              122.4833333,
              29.4316667
            ],
            [
              122.0314,
              28.75
            ]
          ]
        ]
      },
      "properties": {
        "feature_type": "no_sail_warning_zone",
        "feature_type_en": "No-Sail Warning Zone",
        "zone_id": "warn_orange",
        "feature_name_en": "Orange Warning Zone (CAN NOT sail into)",
        "feature_name": "橙色警示区 (禁止驶入)",
        "section_name_en": "Navigation Warning Notice (Zhejiang/Zhoushan)",
        "section_name_zh": "航行警示通告 (浙江/舟山水域)",
        "description": "Navigation Warning Zone linked by eight geographical coordinates. Vessels CAN NOT sail into this area.",
        "color": "#e67e22",
        "stroke": "#a04000",
        "fill": "#e67e22",
        "fill_opacity": 0.45
      }
    }
  ]
}